,title,label
0, ECB 올해 물가상승률 전망치 1.5%로 대폭 상향0.5%p↑,1
1, 아프리카 코로나19 백신 자체 생산 모색,0
2, 美 신규 실업수당 청구 2주만에 4만2000건 감소노동시장 회복 궤도,0
3, 심층인터뷰 부동산 범죄와 전쟁투기 이익 환수,0
4, LH 직원 20명 신도시 땅 샀다수사 의뢰,-1
5, 울산 아파트 매매전세가 상승폭 다시 확대,1
6, 수소경제 선점산업계 전방위 투자,0
7, 월스트리트저널 쿠팡 공모가 35달러 책정 기업가치 72조,0
8, EU 코로나 백신 수출제한 6월 말까지 연장...공급 지체로,0
9, 오뚜기 중국산 미역 혼입 의혹에 사과...제품 회수,-1
10, IOC중국 도쿄베이징 올림픽 참가자에 백신 제공,0
11, 인사 중소벤처기업부,0
12, 중기부 소상공인 온라인 진출 돕는다구독경제 서비스도 시범 운영,1
13, 토지 경매 1타 강사 홍보하며 가욋돈 챙긴 LH 직원 파면,0
14, ECB 제로 금리 동결채권매입 더욱 속도 낸다,0
15, ECB 기준금리 동결코로나19 대응 채권 매입속도 높인다종합,0
16, 중국 2월 스마트폰 출하량 2134만대 236%↑...코로나 이전 회복,1
17, 미래차 공동전환신사업 진출 16개 기업 사업재편 승인,1
18, 국가RD; 창의도전형 전환위해 성과 평가관리 개선해야,0
19, 무섭게 추격하는 中 韓 생명보건의료 기술 첫 추월,0
20, 농기계 순회 수리 봉사 실시부품값만 실비로,1
21, 코트라 국내 새싹기업 아마존 입점 돕는다,1
22, 경유차에 휘발유 기름혼동 막는 서비스 나온다,0
23, 올해 인공지능 학습용 데이터 150종 구축 추진,0
24, 재료연 맞춤형 기술지원으로 소부장 기술자립 이끈다,0
25, 농식품 벤처창업 인턴제 활동비 인상에 학점인정 대학 확대,1
26, 日 한국산 탄산칼륨 반덤핑 관세 부과 결정,0
27, 영상 바람 잘 날 없는 LH...알고 보면 자업자득,0
28, 5월말부터 공모주 중복청약 금지청약폭주 줄어들 듯,1
29, 대한민국 1위 토지 강사 LH 직원 결국 파면,1
30, 제조업 기반 뿌리기업 대상 20개 사업 지원,0
31, 애플 독일에 1.4조원 투자무선통신용 반도체 자체개발↑종합,1
32, 철원군스튜디오드래곤 대규모 드라마 촬영장 조성,0
33, Sh수협카드 OK캐쉬백 4만 포인트 지급 이벤트,0
34, KCA 청렴교육 콘텐츠 랜선투어로 만들어 눈길,0
35, 속보 유럽중앙은행 기준금리 0%로 동결코로나19 대응 채권 매입속도 높인다,0
36, 올댓차이나 2월 中 자동차 판매 145만대 364%↑...11개월째 증가,1
37, 2보 ECB 기준금리 동결코로나19 대응 채권 매입속도 높인다,0
38, 제주도 롯데리조트 지방세 30억 원 환수 소송 승소,-1
39, 전기안전관리에 기여한 숨은 유공자를 찾습니다,0
40, 경북 버스요금 평균 16.8% 인상,0
41, KIMST 매월11일은 상호 존중의 날수평적 조직문화 앞장,0
42, 찾아가는 해양환경 이동교실 교육 신청하세요,0
43, 대경경자청 수성의료지구 외투기업 유치,1
44, 코로나가 할퀸 2020질병 불안 커지고 고용률 떨어져,0
45, 재난지원 사각지대 없도록대구시 경제 방역 추진,0
46, 충남 건설공사 지역업체 수주율 전국 최하위권,1
47, 즉석식품도 자판기에서소상공인 규제 속속 폐지,0
48, 창원밀양함안 상의 창원 산업선 건의,0
49, 삼천포제주 뱃길 7년 만에 부활,0
50, 한국지엠 창원공장 도장공장 신축철수 안 해요,0
51, 부산상의 의원 30% 교체4050대 증가,1
52, 속보 ECB 코로나19 대응채권 매입속도 상당히 높일 것,0
53, 공항 계류장에서 항공기 스침 사고국토부 조사,0
54, 범도민연대 적극 환영2공항 사업 조속 추진,0
55, 충북선 고속화 비정상 달천 철로 걷어내나,0
56, 청주 도심 상권 침체 가속화청년 창업 지원 제안,0
57, 충북 소상공인 육성자금 소진3차 6월 접수,0
58, 1보 유럽중앙은행 기준금리 0%로 동결,0
59, 부산 대저지구 투기 의혹 조사경찰 전담팀 구성,-1
60, 투기 20명 중 11명이 변창흠 시절...공급은 계획대로,0
61, 해체론까지 나온 LH...해체 수준 환골탈태 혁신 추진,0
62, 부동산 범죄와의 전쟁 선포...투기공직자 즉각 퇴출,-1
63, 매출 절반이 온라인 플랫폼서불만 있어도 할많하못,-1
64, 전주시 역세권 등 7곳 공무원 땅 투기 조사,0
65, 대한방직 터 자광에 공 넘겨아파트 건립 변수,0
66, 배터리 배상금 접점 못 찾는 LGSK,0
67, 온라인에 뺏긴 고객 발길 돌려라새단장하는 백화점들,0
68, 조폐공사 화폐박물관 천사의 재능 메달 디자인전 개최,0
69, 4년간 지켜본 남극 물범의 육아일기 공개,0
70, 누가 봐도 이상정부 조사 중에도 광명시흥엔 나무 심기,0
71, 올리브영 스마트 반품 서비스 전국 매장 확대옴니채널 혁신 가속화,1
72, 언론보다 못한 전수조사현장 추적없이 발표만 급급,0
73, 하이트진로 스마트팜 솔루션기업 ㈜퍼밋 투자 나서,0
74, 지프 봄 맞이 2021 봄 서비스 캠페인 실시차량 주요 체크 포인트 무상 점검 서비스 실시,0
75, 차익 환수처벌 가능성 따져보니,0
76, 투기의심자 7명 추가 국토부는 없다예견된 졸속 조사,0
77, 토지 경매 1타 강사 홍보한 LH 직원 파면,0
78, 은성수 LH 논란에 토지 거래 규제 살펴보겠다,-1
79, 확진 6개월까지 항체 생성률 78%9개월까지 67%,0
80, 현대차기아한국타이어앤테크놀로지 상호간 데이터 활용 기반 서비스 개발 협력,0
81, 단독 LH 투기판 된 이유 있었다10년간 내부 감사 0건,0
82, 1000㎡ 땅맹지 집중 매입일반인은 몰랐던 특혜 답안지,0
83, 티몬 공공기관지자체 손잡고 영세 소상공인 온라인 진출 지원,1
84, 고농도 미세먼지에 수도권 이틀연속 비상저감조치,0
85, 예상보다 적은 의심 건수2차 조사는 어떻게,0
86, 단체방에선 국토부 가서 뒤 봐줄게 한탕하고 이민 가자,0
87, LH 직원 20명 신도시 땅 샀다,0
88, 던킨 인기 게임 어몽 어스와 협업해 한정 굿즈 출시,1
89, 중기부 중소기업 판로지원 참여기업 모집온오프 통합 지원,0
90, 변창흠 국토부 장관 리더십 위기,0
91, 데일리안 오늘뉴스 종합 골치 아프네여권 내 커지는 변창흠 경질론 박범계 검찰 수사권 있을 때 뭐했나검사 그럼 만기친람 정부는 뭐했나 등,-1
92, BMW 코리아 한정판 모델 M2 컴페티션 파이널 에디션 출시,1
93, bhc 큰맘할매순대국 배달의민족서 3000원 할인,0
94, 냉동만두에 들러붙은 정체불명 이것은혐오스러워 이슈픽,0
95, 볼보자동차코리아 고객 라이프스타일 프로그램 헤이 클라스 개최,0
96, 배달 오토바이 보험료 1200만 원보험 사각지대,0
97, 한 단 9천원 가격 치솟은 대파차라리 길러먹자,0
98, 파리바게뜨 홈데이트를 위한 화이트데이 선물 출시앙리 마티스의 작품 재해석,1
99, 세라젬 척추 의료가전 마스터 V4 美 FDA 승인 획득,0
100, 오뚜기 이강훈 대표 명의로 홈페이지에 사과문 올린 사연,-1
101, 롯데GRS 엔제리너스 프레쉬 베이커리 출시,1
102, 분당일산 김포판교도신도시 개발마다 투기 판박이,0
103, 동서발전 음성에 찾아가는 이동식 목욕차량 지원,0
104, 동서발전 어촌마을 역사관광 활성화로 지역경제 살리기,0
105, 전기안전공사 코로나 백신 접종보관시설 안전관리 협력,0
106, 한국지엠 차세대 글로벌 신차 생산 위한 창원 도장공장 준공식 개최,0
107, 존폐기로 선 공룡 LH해체수준 환골탈태,0
108, 우체국쇼핑 옥천군 농특산물 판로 확대 위한 업무협약,1
109, 문성혁 장관 지중해 프로젝트 참석 차 충남 현장 방문   ,0
110, 윤대희 신보 이사장 뷰노 현장 방문혁신생태계 경영지원 지속,0
111, 토지 경매 1타 강사 LH 직원 결국 파면,0
112, 클라우드에 공 들이는 NHN 2025년까지 연매출 1조 달성,0
113, 전경련 차등의결권 도입 기업 경영 성과 좋아,0
114, 빅테크 치고 나오고 수수료도 불안불안 카드사들 어쩌나,0
115, 과도한 배상금 수용 못해 강경한 SK이노,0
116, 2021년 D램 업황 이보다 좋을 순 없다,0
117, 인터뷰 LH 직원들 계모임하듯 투자그런 상황에 비하면 7명 숫자 적어,0
118, KT 공유주방 오키로키친에 디지털 솔루션 지원,0
119, 이통3사 휴대폰 할부금리 담합 의혹 조사,-1
120, 5월말부터 공모주 중복청약 못한다,1
121, 쿠팡 기업가치 72조원 육박 단숨에 국내 3위 발돋움,0
122, 하남시 디지털캠프스타트업캠퍼스 협업스타트업 생태계 조성,0
123, 외국인 증시자금 3조대 순유출채권 역대 최대 유입,0
124, 다 LH꺼야 LH 혼자 산다분노한 국민들 LH 조롱 쏟아내,0
125, 코로나 특수 제주 골프장 道 재산세 세율 인상 검토,0
126, 티격태격 4차 재난지원금 지급에 대한 입장은,0
127, 거문도∼여수 1일 생활권 된다,0
128, 여기는 전남 라이브커머스 리셀러로 농산물 새시장 개척,0
129, 무심하게 툭 트렌치코트 휘날리며 봄이 돌아왔다 Weekend 라이프,0
130, 수지 그렇게 입고 어디가니...일상복 같은 아웃도어 패션 Weekend 라이프,0
131, 배달의민족 김봉진 직원라이더에게 1000억원대 주식 통 크게 쏜다,0
132, LH 해체 수준 환골탈태주택 공급 차질 빚나,0
133, 본인 조사로는 한계거래 중심으로 수사해야,-1
134, 단독 V시티에도 LH 강사장 솜씨환지개발 가성비 투기,0
135, 제주공항서 여객기 2대 날개 접촉 사고국토부 사고 조사 착수,0
136, 단독 땅투기 새 뇌관 시흥 V시티LH 1급 추정 인물도 가담,0
137, 다른 신도시도LH 직원 4명 포함 22명 공구도,0
138, 경북 버스요금 평균 16.8% 인상,0
139, 이슈대담 창원시 토지보상 자료 제출 왜 거부하나,0
140, LH 직원 땅투기 광명 시흥만고양 창릉남양주 왕숙과천지구하남 교산도,0
141, 내일 거리두기 발표단계 완화 어려울 듯 관측,0
142, 사흘째 400명대위험도 미확인 기타변이 확산,0
143, 단독 LH 퇴직자도 신도시 땅 샀다정부는 조사도 안 해,0
144, 여기는 충주 충북선 고속화 비정상 달천 철로 걷어내나,0
145, 부동산 범죄와의 전쟁 선포LH는 해체수준 혁신,0
146, 충남 건설공사 지역업체 수주율 전국 최하위권,1
147, 투기의혹 LH직원 겨우 20명 불신만 키웠다,-1
148, 나주 산란계 농장충주 토종닭 농장서 고병원성 AI 확진,0
149, 상호 존중과 배려로 소통하는 식품안전관리인증원,0
150, 석탄공사  2021년 무재해 달성 안전실천 결의대회,0
151, 공정위원장 만난 플랫폼 입점업계 단체구성권 검토해야,1
152, 인사 중소벤처기업부,0
153, 청주 도심 상권 침체 가속화청년 창업 지원 제안,0
154, 부산상의 의원 30% 교체4050대 증가,1
155, 키워드이슈 전자금융 소액후불결제 논란,-1
156, 부동산 범죄와 전쟁추가 적발공급계획엔 한계,-1
157, 나주충주 농장서 고병원성 AI국내 총 105건,0
158, 입점업체 플랫폼법에 수수료 기준공개 빠져반영돼야종합,1
159, 직원에게 1천억 원대 주식과 격려금 지급하는 김봉진 우아한형제들 의장,0
160, 한은 가계대출 증가세 당분간 이어질 것위험 유의해야종합,1
161, 사상 첫 경선에부산상의회장 경쟁 후끈,1
162, 즉석식품도 자판기에서소상공인 규제 속속 폐지,0
163, 여기는 진주 삼천포제주 뱃길 7년 만에 부활,0
164, 무주택자 시민단체 정부 부동산 정책 비판하는 버스 광고 시작,0
165, 속보 난 토지 경매 1타 강사 강의 투잡 뛴 LH 직원 파면,0
166, 한국지엠 창원공장 도장공장 신축철수 안해요,0
167, 인사중소벤처기업부,0
168, 소프트웨어 유망기업에 대구 스타트업 5곳 선정,1
169, 경남도 부울경 광역특별연합 시동,0
170, 구글 국내 유튜버에도 미국 세금 부과영향은,0
171, 플랫폼 입점업계 판매수수료 명시해야단체구성권도 필요,1
172, 토지 경매 1타 강사 LH 직원 결국 파면 겸직금지 위반,-1
173, 애플현대차 합작설 등 17건 심리시장조성자 조사 이달 마무리,0
174, 흔들리는 변창흠 리더십24대책 3기 신도시는 어떻게종합,-1
175, 김해신공항 백지화 이달 국무회의서 못 박는다,0
176, 대저 땅 투기 의혹 내부자들 가족까지 전방위 추적,-1
177, 방송통신전파진흥원 RPA 확대로 업무 혁신 주도,1
178, 코스피 엿새 만에 반등3000선 회복,0
179, 나주충주 가금농장서 고병원성 AI 확진104∼105번째,0
180, LH 땅투기 파문 조직적 투기 농후한데 20명 의문 토지 외 아파트 의심거래도,-1
181, 전남 나주충북 충주 가금농장서 고병원성 AI 확진전국 105번째,0
182, 친절한K 국토부제주도 2공항 의견 확정까지 무슨 일이,0
183, 아름다운 어항 남해군 미조남항 정비사업 착수,0
184, 선박검사 법령정보시스템 구축대국민 서비스 개시,0
185, 김슬아 마켓컬리 대표 영 글로벌 리더 선정,0
186, 롯데홈쇼핑 녹지조성 사업에 기부,0
187, 자율주행차 궁금해... 세상 쉬운 기술이야기,0
188, 모바일 발급제출 증명확인서 연내 300종으로 확대,1
189, 팍팍해진 삶 독거노인학대아동 늘었다,0
190, 4차산업혁명 K공학이 중심이다,0
191, 김종갑 한전 사장 연임 불발,0
192, 융합 신사업 14건 규제특례 승인 전통산업 미래형으로 재편,0
193, 국세청 소득자료관리준비단 출범전국민 고용보험 본격화 대비,0
194, 온라인 플랫폼 공정화법 제정하라,0
195, 재난지원 사각지대 없도록대구시 경제 방역 추진,0
196, 우리은행 전자문서시스템 도입 1년 경영 효율성 개선 30억 이상 절감,0
197, 윤대희 신보 이사장 벤처기업 방문 현장 의견 청취,0
198, 쿠팡 김범석 지분가치 7조원의결권은 76.7%,0
199, LG서 분리하는 구본준 그룹 사명 LX로 확정,0
200, 전주시 역세권 등 7곳 공무원 땅 투기 조사,0
201, LH 직원 땅투기 광명 시흥만은 아니었다종합,0
202, 투기 의혹 1차 조사LH 직원 20명 의심 확인,-1
203, 부산상의 의원 35개 업체 물갈이 변화 열망 드러났다,0
204, 코로나 쇼크 부산공동어시장 이틀 경매 달랑 5척,0
205, 보관 온도 이탈 코로나 백신 770회분폐기 예정,0
206, 시민이 바라는 10년 후 부산 모습 국제 허브 도시,0
207, 불매운동 느슨 日 맥주 수입량 5개월 연속 증가,0
208, 73년 전기 외길 박전사 항공등화 공사 잇단 수주,1
209, 쿠팡 기업가치 72조 원 네이버 시총 뛰어넘었다,0
210, 신도시 발표 10년 전쯤 이미 외지인이 쓸어갔습니다,0
211, 변창흠 LH 사장 때 성과급 사회 기부 의향,0
212, 허술한 보상 체계가 LH 직원들 투기 불렀다,0
213, 부산 대저지구 투기 의혹 조사경찰 전담팀 구성,-1
214, 전북경찰청 광명 신도시 땅 투기 의혹 내사 착수,-1
215, CU 화이트데이 역대 최다 특급 콜라보 상품 쏟아진다  에버랜드 제주항공 지그재그까지,0
216, 코리아센터강원도 강원도형 배달앱 일단시켜 17개 시군 확대,1
217, 제로페이 가맹점 80만 돌파,1
218, 금감원 부원장들 인사 갈등 막중한 책임 느낀다 호소,-1
219, 임세령 대상홀딩스 등기이사 선임3세 자매경영 시동,0
220, Had your fill of Whelk Beer How about some mmm wine,0
221, SK directors criticize managements handling of LG dispute,0
222, 아동학대독거노인 늘고 고용불안실업에 소득은 줄었다 더 팍팍해진 삶의 질,0
223, NCSoft is the latest gaming company to boost salaries,0
224, Beers are back,0
225, 수강료 23만원 대한민국 1위 토지 강사LH 직원이었다,1
226, 오뚜기 중국산 미역 논란에 전량 회수,-1
227, 변창흠 장관 LH 사장 시절 성과금 기부,0
228, 한국 집값 상승률 선진국의 최대 3배국내 요인이 71%,0
229, Top shareholder speaks,0
230, 비디오머그 이재용이 전 재산 현질해도 안 나오는 게임 아이템당첨률 0% 10년 숨긴 메이플스토리 넥슨은 돈 잔치,0
231, LH 직원 총 20명 투기 의심11건은 변창흠 사장 때,0
232, 정 총리 부동산 범죄와의 전쟁 LH는 해체수준 환골탈태 LH투기의혹 전방위 조사 확대,0
233, LH 해체수준 환골탈태 주택공급은 지속 LH투기의혹 전방위 조사 확대,0
234, Helper in the kitchen,0
235, 배민 봉진이형 또 사재 털었다 직원라이더에 1000억 격려금,0
236, 오뚜기 중국산 미역 혼입 의혹에 사과제품 회수하겠다,-1
237, 구본준이 이끄는 LG신설지주 사명 LX홀딩스로 결정,0
238, MG손해보험 개인 차 보험료 2% 인상손해율 실적 반영,0
239, ㈜금양 첨단에너지 사업기지 추진 가속화,0
240, 7명 추가 적발 빈수레 전수조사 靑국토부는 의심 거래 0 LH 투기의혹 1차조사 결과,-1
241, 세종 스마트산단 예정지 가보니빼곡한 묘목벌집 다닥다닥,0
242, 日 후쿠시마 원전 10주기K원전 지진쓰나미 철벽 대비,0
243, A Staria is born,0
244, EV sales skyrocketed 44.6% last year,0
245, 63조 몰린 SK바이오사이언스균등배분이라더니 난 왜 0주,0
246, 기관 팔았지만 외인 폭풍 매수네 마녀의 날에도 코스피 3천선 회복,0
247, 대외활동애터미 트렌드 커뮤니케이터프로슈머 패널 모집,1
248, 美 ITC 배터리 판결 한달협상은 평행선투자는 박차,0
249, 셀프조사 합조단 1만4400명 털어 20명LH 투기의혹 1차조사 결과,-1
250, 한은 공급부족이 세계서 가장 높게 집값 올리고 가계 빚 위험 키웠다,0
251, Baemin employees and drivers given Delivery Hero shares,0
252, 이부진 호텔신라 사장 연봉 급등정작 직원들은 임금동결,1
253, 택진이형 신입 억대연봉시대 열었다엔씨 개발자는 1300만원 인상,0
254, 제주항공에어서울 접촉사고국토부 경위조사 착수,0
255, 한전 김종갑 사장 연임 불발새 사장 뽑는다,0
256, 그리팅 맞춤형 건강식단 선봬,0
257, 오뚜기 중국 미역 수사 1월부터 인지늑장회수 논란,-1
258, 시그널 캑터스PE 한자평 재인수한라그룹도 340억원 투자,0
259, 휴대폰 할부수수료 담합 의혹 조사,-1
260, 한전 나주 강소특구 비전선포식기술사업화 선도,0
261, 새내기 대학생에 장학금인턴십 기회 준다,0
262, 세종돋보기공회전하는 플랫폼법속타는 조성욱 공정거래위원장,0
263, 심사는 미뤄지는데 대규모 증액 예고까지 버거워진 재난지원금 3월 지급,0
264, 5조원 장전 쿠팡 이 많은 돈 어디에 쓸까,0
265, 입 연 박철완 상무 조카의 난 아냐금호석화 내부 결속,0
266, 디즈니플러스 가입자 1억명 돌파넷플릭스 빠르게 추격 중,1
267, ET 실손보험 자동 청구된다데이터가 바꾸는 세상,0
268, LH 직원 땅투기 광명 시흥만은 아니었다,0
269, 혼유사고 방지 서비스나만의 맞춤 화장품 등규제특례 승인,0
270, 부동산 범죄와의 전쟁 전국 경찰력 대규모 동원종합,0
271, 삼성 부당 합병회계 재판 재개이재용 복역 중 또 재판,-1
272, 김재천 AK플라자 대표 임직원들과 소통 라방,0
273, 한은 작년 주택 가격 상승률 세계 주요국 중 최고,1
274, 화훼친환경농산물 농가 피해 심각농어민 4차 지원금 요구 봇물,-1
275, 인플레 우려 낮다면서유동성 죄기 나선 한은,-1
276, 은성수 LH직원 투기 의혹...제2금융권과 토지 문제 살펴보겠다,-1
277, 투기의혹 폭발 시흥집값 1년 만에 가장 많이 올랐다,-1
278, 홈앤쇼핑 협력사들과 6억원 성과공유,0
279, 반도체의 힘3월 110일 수출 25.2%↑,1
280, 이재용 프로포폴 의혹 수사심의위 열린다시민위 의결종합,-1
281, 은성수 LH직원 땅투기 의혹에 토지규제 필요 여부 살펴보겠다,-1
282, 대만 게임개발사 요시랜드 수성의료지구에 120만달러 투자,0
283, 고용률 떨어지고 자살률 높아지고팍팍해진 삶의 질,0
284, 中日 탄소중립에 원전 활용하는데韓은 탈원전에 갇혀,0
285, 한진칼 이사회 의장대표이사 분리 정관 신설한다,0
286, 조사에서 수사로 땅 투기 의혹 더 넓고 깊게 파헤친다,-1
287, ET 다가온 수소시대수소산업을 선점하라,0
288, 해외서도 잘나가는 K 편의점 영역 넓힌다,0
289, 포스코 주총 앞두고 역대급으로 시끄러운 이유는,0
290, 오클리 여성 소비자 위한 봄맞이 아이웨어 3종 선봬,0
291, SK매직 올클린 공기청정기 Virus Fit 프로모션체험단 모집,1
292, 레고코리아 몽키 키드 신학기 선물 증정 이벤트,0
293, 하이트진로음료 하이트제로0.00 체험단 모집,0
294, 농심 유재석 모델 배홍동 비빔면 판매 개시,0
295, SK바이오사이언스 청약 3040이 절반20대 참여 역대 최고,1
296, 김현수 투기 목적 농지취득 방지농민 재난금 지급 협의,0
297, 투기 의심자 LH 직원 20명청와대 직원 중엔 없어,0
298, 노랑풍선 200억 규모 자금 유치투자 재원 확보,1
299, 룰루레몬 신세계 센텀시티에 스토어 오픈부산 상륙,1
300, 김종갑 한국전력 사장 연임 불발새 사장 선출 예정,0
301, 씨앤씨인터내셔널 코스닥 상장예비심사 통과,1
302, 이재용 프로포폴 의혹 檢수사심의위로결과 비공개종합,-1
303, 토지 경매 1타 강사 투잡 뛴 LH 직원 결국 파면,0
304, 중국 전인대 경제 정상화 정책 승인출구전략 시동,0
305, 레트로 친환경 모두 가치소비 새 전략 짜는 유통가,0
306, 은성수 LH직원 땅투기 의혹에 토지규제 필요 여부 살펴보겠다,-1
307, 벼 심겠다던 땅 쓰레기 투성이고구마옥수수밭엔 산수유버드나무,0
308, ET 어머님 청약하러 가요SK바사 역대급 흥행,1
309, 몸값 72조 쿠팡發 유통빅뱅 온다,0
310, 비대면디지털의 덫일자리 사라지는 은행,0
311, ET 대놓고 실명 거래정부 부동산 전쟁 선포,0
312, 국세청 소득자료관리준비단 출범,0
313, 대구섬유 상징 DTC 운영기관 7년 만에 바뀌나,0
314, 화승알앤에이 인적분할 법인 15일 코스피 상장,1
315, 땅투기 1차 조사서 20명LH 사태 빙산의 일각,0
316, 구광모 LG 회장 지난해 연봉 80억원,0
317, 죽을 때도 찰것 이태양 놀랐다 추신수가 준 시계 뭐길래,0
318, 기후변화 방치 땐 뉴트리아큰입배스 등 외래종 득세,0
319, KTG; 상상플래닛 사회혁신 그 출발을 위한 행성에 오신 것을. 환영합니다.,0
320, 부산경찰청 부동산 투기사범 수사전담팀 운영,-1
321, 시그널 티맵모빌리티 4000억 외부 유치 성공카카오 대항마 될까,1
322, 두산밥캣 두산 산업차량 사업부 인수지게차 시장 진출,1
323, 농산물품질관리원 광양분소 마침내 설치 23년 숙원,0
324, 정부 백신 접종 후 휴가 부여 방안 논의,0
325, 이달내 AZ 백신 요양병원 65세 이상 접종 시작,0
326, 멕시카나 달콤라떼치킨 치킨과 커피의 이색 만남,0
327, 에기평 원장 지역 그린뉴딜 강화를 위한 협력 나서,0
328, 구본준 LG신설지주회사 이름은 LX홀딩스,0
329, LH 토지 경매 1타 강사 겸직한 직원 파면 조치,0
330, 즉석식품도 자판기에서 구매 가능정부 규제 특례 승인,0
331, 우리가 가짜일을 하는 이유업무분장 유연성 없기 때문,0
332, 스포츠제품 고급화매출↑ 신바람 일으킨 풍동 실험,1
333, 국민 삶의 질환경교육 개선 고용률실업률은 악화,0
334, 오래 보관해도 돼요농촌진흥청 딸기포도 물러짐 방지기술 각광,0
335, 영상구성 3일 연속 400명대65세 이상 AZ백신 접종,0
336, 지역 시세 이끄는 부촌서 신규 분양 잇달아,0
337, 마켓컬리 김슬아토스 이승건 세계경제포럼 영 글로벌 리더에,0
338, LH 국토부 1만5천명 뒤져놓고 투기의심 겨우 7명 추가,0
339, 유인 달탐사 아르테미스 계획 한국도 참여할 길 열려있다,0
340, 배민 라이더 덕에 여기까지 왔다 사재 1000억 쏘는 김봉진,0
341, 현대百그룹 현대그린푸드 케어푸드 사업 확대 나서,1
342, 소다 프리미엄트렌디한 헥사 라인 신제품 출시,1
343, SK바이오사이언스 청약액 60% 50대 이상이 넣어,1
344, 토지 경매 1타 강사 LH 직원 결국 파면,0
345, 표 주요 시세 3월 11일,0
346, 오뚜기 옛날미역 중국산 미역 혼입 공식 사과환불 조치,-1
347, 하이트진로 스마트팜 솔루션기업 퍼밋Firmmit 투자,0
348, 호텔 포코 성수 아트 컬래버 라이프스타일 공간 강화,0
349, 코브라 골프 혁신적 기술 라드 스피드 드라이버 출시,1
350, 숙박업계 야놀자여기어때 횡포공정위 조사한다,0
351, SK 과도한 배상금 수용 불가 vs LG SK 문제 해결 진정성 없다,0
352, 수술대 오르는 공룡 조직 LH개혁 넘어 해체까지 거론종합,-1
353, 비디오머그 코로나에도 끄떡없을 줄 알았는데별 다섯 개 특급호텔까지 결국 폐업,-1
354, 일본 한국산 탄산칼륨 잠정 반덤핑 관세 30.8% 부과 방침,0
355, 세종뿐만 아니다청원오송 산단에도 벌집 난립,0
356, 주식농부 박영옥 스마트인컴 대표 조광피혁에 자사주 전량 소각하라,0
357, SK바이오사이언스 공모 청약액 50대 이상이 절반 이상,1
358, 경기상의연합회장에 서석홍 용인상의회장 선출,0
359, SK바이오사이언스 공모주 청약금 절반 이상은 50대 이상,1
360, 코로나 걸렸던 사람 백신 2차 접종 필요 없다,0
361, 한전 김종갑 사장 연임 불발정부 최종 불가 통보,0
362, 선거 앞두고...이통사 할부수수료 또 건드나,0
363, IT업계 연봉인상 마침표 찍은 엔씨소프트 신입사원 연봉 상한선 없앴다,0
364, 김태림 PI첨단소재 사장 반도체처럼 PI도 빅사이클 도래,0
365, 전인대 개정 조직법 가결시진핑 장기집권후계구도 포석,0
366, MSM 영양제 관절365 보스웰리아 초록입홍합 동시 함유,0
367, 이차영 괴산군수 중앙부처서 국책사업 건의,0
368, 충북세종부산서도 지분쪼개기알박기개발정보란 정보 다 샜나,0
369, 갈비곳간 아롱사태 사골곰탕 출시 기념 10% 할인 이벤트 실시,1
370, 비즈 SSG닷컴 못난이 농산물 17일까지 반값 할인 外,0
371, 오뚜기 중국산 미역 의혹 제품 전량 회수환불,-1
372, 동정 삼육대 간호대학 오복자 교수 의학한림원 정회원 선출,0
373, 그 세제만 쓰면 알레르기 돋더니 성분 미표시한 주방세제,0
374, 인천항 내항의 새로운 모습을 제안해 주세요,0
375, 정유업계도 2050 탄소중립 동참어렵지만 노력,0
376, 믿었는데 쏟아진 질타오뚜기 중국산 미역 의혹 사과,-1
377, SK바사 청약 큰손은 70대 평균 1억20대 이하도 16% 차지,1
378, 3월 14일은 백설기 데이,0
379, 혼유사고 방지개인 맞춤 화장품 등 서비스 규제 풀린다,0
380, 공정위원장 만난 플랫폼 입점업체들 온플법에 수수료 조항 넣어달라,1
381, 김해제주청주대구공항 국제항공협회 공항보건인증 획득,0
382, 휴켐스 질산 공장 증설1500억 규모,0
383, 뷰티에 꽂힌 패션 이젠 립스틱 짙게 바르고,0
384, LH 의혹 수사대상 22명으로 늘어현직 20명전직 2명,-1
385, SK바사 10명 중 6명 최초 청약1인당 금액 최고 70대,1
386, 이러다 중국에 덜미 잡힐라한국 기술수준에 경고등,-1
387, 올해 1분기 은행 실적 전망 맑음,0
388, ㈜지엘피앤피 프리미엄 바이주 길몽吉夢 미국 시장 진출,1
389, 구본준 고문의 LG 신설지주회사 LX홀딩스로 사명 확정종합,0
390, 김종갑 한전 사장 연임 실패임추위서 새 사장 추천키로,0
391, IT 서비스 업체 현대무벡스 12일 코스닥 상장,1
392, 임세령 대상홀딩스 등기이사 선임 전략 책임질 것,0
393, 윤리경영 배점 겨우 3점LH 올해도 성과급 잔치,0
394, 코스피 3013.70 코스닥 908.01,0
395, 코스피 6거래일 만에 상승 마감외국인 1.7조 순매수,0
396, 쿠팡 상장에 서학개미 들썩고평가 우려도,0
397, 산업부 미래차유망신산업 분야 16개사 사업재편 승인,1
398, 미래차 공동전환신사업 진출 16개 기업 원샷법 승인,1
399, 신도시 백지화 여론 확산 속인천 계양 44%하남 교산 32% 보상,0
400, 산업부 올해 100개 기업 사업재편 추진미래차 등 유망산업 키운다,1
401, SK바이오사이언스 공모 청약액 50대 이상이 60% 차지,1
402, 퇴직자‧차명거래 빠진 정부 조사 LH 직원 7명만 더했다,0
403, 내연→전기수소 車부품사 16곳 사업 재편4000억 투자,0
404, 내연차→전기수소차 정부 16개사 사업재편 승인,0
405, 융합 신사업은 규제 없애고 전통산업은 미래형으로 재편,0
406, 내연기관의 종말전기차로 갈아타는 부품업체들,0
407, 미래차 공동전환신사업 진출 16개 기업 사업재편 승인,1
408, 청와대국토부 직원 투기 없었다지만민변 못 믿겠다,0
409, LH發 국토농단한계 드러낸 셀프조사,0
410, 쿠팡 물류센터 7곳 신설OTT 콘텐츠 늘려 고객 묶는다,0
411, 신도시 투기 의혹 봇물에수도권 집값 관망세,-1
412, 7월부터 일용근로자도 매달 소득 신고,0
413, 얼어붙은 강에 승용차 빠지자 뒤따르던 택배기사 뛰어들어 구해,0
414, 코로나가 불붙인 반도체 슈퍼 사이클1분기 성장은 10년 만에 처음,0
415, 바이든發 큰장 선다 고사위기 K원전 해외수주에 올인 동일본지진 10년 원전의 현주소,1
416, 업자와 부적절한 골프 모임 한수원 직원 직위해제,0
417, 수도권 아파트값 오름폭 2주째 둔화시흥은 급등세,1
418, LH 사태에 농지법 개편 속도 투기 목적 농지 취득 막겠다종합,0
419, 한국은행 작년 순이익 7조 사상 최대 법인세 2.8조삼성전자 이어 2위,0
420, 춘천시 옛 세월교 대체한 소양 7교 명칭 변경,0
421, 청년농업인 스마트팜 방문한 허태웅 농촌진흥청장,0
422, 허태웅 농촌진흥청장 국립원예특작과학원 사과연구소 방문,0
423, 경북 농업기술원 방문한 허태웅 농촌진흥청장,0
424, 고용주거가족 분야 삶의 질 떨어졌다,0
425, 네이버로 국민건강보험공단 건강검진표 본다,0
426, 쪼개면 뜬다는 액면분할 앞둔 카카오지금 살까 기다릴까 이지효의 플러스 PICK,0
427, 경희대 인간중심 인공지능 인재 양성 나선다,0
428, 업계 소통 분주한 공정위플랫폼 입법 진통은 여전,0
429, 방 2개 19평에 75점 통장 청약분양 품귀에 청약 광풍,1
430, 신도시 내 추가 투기 의혹 0수사에서 밝혀야 할 듯,-1
431, 3기 신도시 투기 의혹 LH직원 20명 꼬리 자르나靑국토부에는 면죄부,-1
432, 조성욱 온플법 디지털 갑을관계 해소소상공인 신속 입법 촉구,0
433, 롯데홈쇼핑 녹지 조성사업 위해 4억원 상당 물품 기부,0
434, 일본 고향세로 지방소멸 막았는데 한국 10년째 국회서 쿨쿨,0
435, 연기금 50일 연속 순매도외국인 덕분에 코스피는 상승,0
436, 일본 고향稅로 지방소멸 막아,0
437, 국세청 소득파악 조직 신설전국민 고용보험 첫발,0
438, 정부 16개社 사업 재편 승인미래차 등 육성,0
439, 투기의혹 한복판 시흥아파트 후끈,0
440, 아스트라제네카 백신 65세이상 고령자도 접종,0
441, 한전 김종갑 사장 연임 불발새 사장 뽑는다,0
442, 4차지원금 탈락 반발한 농어민도 100만원씩여 1.3조 더,0
443, 정세균 LH에 대한 신뢰 회복불능해체 수준 혁신 추진할 것,0
444, 인플레 차단 나선 한국은행물가 오름세 멈출 것,0
445, 강원농기원농진청 신품종 농식품 시장 테스트 지원,0
446, 여의도 삼킨 투기 의혹與 국회의원 전수조사 野 한 번 해보자,-1
447, 논객 삼호어묵 文 적폐청산 할 때변창흠 목 날리시라,0
448, 취준도 유튜브로 하는 시대...동시접속자만 6000명 인터뷰,0
449, 쿠팡 공모가 35달러에 상장기업가치 72조원,1
450, 한국LPG산업협회 김상범 회장 재선임,0
451, 오뚜기 중국산 미역 혼입 의혹에 사과제품 회수,-1
452, 정세균 부동산 범죄와의 전쟁투기행위한 공직자 곧바로 퇴출,-1
453, 美 국채 공포 진정되자 원달러 환율 6거래일 만에 하락,-1
454, 미 IPO 최대어로 떠오른 쿠팡 직원들도 대박 터트릴까,1
455, 오뚜기 중국산 미역 논란 사과자진회수환불 조치,-1
456, 후천적 뇌 돌연변이 조현병의 새로운 원인으로 지목,1
457, 일문일답정 총리 LH 해체 수준의 환골탈태 조직 쇄신 예고,0
458, 아파트도 태양광 생산 1인가구 도시락 자판기 설치샌드박스 승인,0
459, 시그널 NH證 SK바사 청약 열풍 주역은 50대 이상,1
460, IAEA 총장 후쿠시마 10년 성명원자력 확대 핵심은 안전,1
461, 그래픽정부 1차 조사 결과 LH 직원 20명 신도시 투기 의심,0
462, 즉석식품가공식품 자동판매기서도 산다식약처 시범사업 시행,0
463, 또다시 도마에 오른 폰할부수수료 부당이익 5조 vs 돈벌이 아니다,-1
464, 한전 사장 바뀐다김종갑 사장 연임 불발,0
465, SBA 2021 DMC 산학연구회 모집17일 접수마감 과제당 3000만원 지원,0
466, 코스피 외국인 투자자 매수세에 3000선 회복,0
467, 5∼7월 5건→9∼11월 56건 광주 산정지구 땅거래 폭증,0
468, 전시컨벤션 업계도 코로나19 손실 보상하라,0
469, 투기 의혹 1차 조사LH직원 20명 의심 확인,-1
470, 현대차기아한국타이어 상호간 데이터 활용 기반 서비스 개발 협력,0
471, 디올 20212022 가을겨울 컬렉션 공개,0
472, LH직원의 조롱 글처럼 결과 나왔다 누리꾼 부글부글,-1
473, 쌍용차 대주주 교체 조건 마련됐지만매각은 첩첩산중,-1
474, 이규삼 농협 감사위원장 춘천 폭설 피해 농가 방문,-1
475, 온라인플랫폼 입점기업 3곳 중 2곳 수수료 부담스러워,1
476, 롯데푸드 싱가포르에 고급형 캔햄 로스팜 수출 시작,0
477, 항공우주 강국 액션플랜 17일 서울 신라호텔서 공개,0
478, 영화 승리호의 우주청소 머지않아 다가올 현실,0
479, 확진 465명 내일 거리두기 조정미국발 변이 확인,0
480, 부산은행 신학기 지원사업 함께 걷는 등굣길 후원,0
481, 대구본부세관 직물기업 수출지원 온라인 설명회,0
482, 조원경의 알고 싶은 것들의 결말27 인플레이션이 코앞에 다가왔을까 인플레이션 논쟁과 성장주의 수난,0
483, 시그널 두산 두산밥캣에 산업車 사업부 넘긴다거래가 7500억원,0
484, 美국채 금리 뛰자 환율도 껑충강달러 어디까지,0
485, 미국 포스트 코로나19 예산 GDP의 27%...한국은,0
486, 거래소 애플현대차 합작설 등 불공정거래 징후 17건 심리,0
487, 라이더 알바 직접 해보니 10만원 벌긴 했는데...,0
488, 국고채 금리 상승세 진정10년물 연 2.027%종합,1
489, KTLGU 문체부 상대 OTT 음악저작권료 공동 소송,-1
490, 칼 뽑은 공정위이통3사 할부수수료 담합 혐의 조사 착수,-1
491, SK바사 청약액 60% 50대 이상이 넣어,1
492, 정유업계 탄소중립 협의회 발족식,0
493, SK CC; 재생에너지 전력 도입ESG 경영 박차,0
494, 코스피 엿새 만에 1%대 상승 마감외인 역대 2위 순매수,0
495, MG손해보험 차보험 2% 인상롯데캐롯도 대기종합2보,0
496, 배달 생태계 지각변동쿠팡 약진라이더 쟁탈전요기요 매각 관전포인트,-1
497, aT 농산물 직거래장터 운영사업자 모집설치마케팅비 등 적극 지원,0
498, 땅 투기 의혹 조사 지자체로 확장 경기도 자체조사 박차,-1
499, 오뚜기 중국산 미역 혼입 의혹에 자진 회수 조치,-1
500, 은성수 금융위원장 정책형 뉴딜펀드 1호 투자기업 방문,0
501, 오뚜기 옛날미역 중국산 혼입 의혹에 사과 자진 회수,-1
502, 도요타 사장 차 만들려면 40년 전념해야애플 겨냥,0
503, 3기 신도시 20명 투기의심자 확인정부 조사 한계 목소리도종합,0
504, 온플법서 수수료 기준 공개 빠져업계 법안에 반영돼야종합,0
505, 한국GM 8만㎡ 창원 도장공장 준공차세대 글로벌 신차 생산 준비,0
506, GS25 베트남서 100호점 돌파 올해 외형 확장 본격화,1
507, 구본준 고문의 LG 신설지주회사 LX홀딩스로 사명 확정,0
508, 쥐어짜는 주사기 덕에 10인용 코로나 백신 11∼12명 접종 거뜬,0
509, 쿠키랭스 전국 보육원에 태블릿PC와 영어회화 서비스 기부,0
510, 강원수출 25억 달러 날아보자중소기업 수출 가이드북 발간,0
511, 제이센 탈모완화 기능성 리얼스파 퍼퓸샴푸 출시,1
512, LH 개혁은 어디까지조직해체신도시사업 배제는 어려울 듯,0
513, 주철현 의원 농어업인 4차 재난지원금 지원 배제는 부당,-1
514, 농식품 신산업 규제 푼다노지스마트농가개량 등 정비,0
515, 코로나19 농업분야 피해 1139억원학교급식 중단 친환경농산물 최다,-1
516, 정부 투기 의혹 LH 칼댄다정 총리 해체 수준 환골탈태,-1
517, 인천시 계양 신도시 담당 직원 645명 명단 정부에 제출,0
518, 오뚜기 미역 납품업체 원산지 표시 위반 혐의 조사,-1
519, 지프코리아 봄맞이 서비스 캠페인 진행 순정부품 10% 할인,0
520, 일주일 넘도록 복구 매달려폭설 피해 농민 삼중고,-1
521, 매트리스플래닛 비대면 맞춤형 매트리스의 대중화를 통한 최고의 잠자리 선언,1
522, 중국산이 100% 국내산 미역으로 오뚜기 하청업체 논란에 전량 회수환불,-1
523, SK Bioscience gets 14 million for vaccine development,0
524, 생활공작소 무전원 듀얼 회전 물걸레 청소기 출시,1
525, 아크메드라비ADLV 롯데百 부산본점에 매장 열었다,0
526, 착한 소비 열풍 비건을 비긴 해보세요,1
527, 써모스 캠핑 전용 트래블 킹 시리즈 선보여,1
528, 버거킹 버거류 등 일부 제품 가격 인상,0
529, 올리브영 스마트 반품 서비스 전국 매장 확대,1
530, 전국민 고용보험 대비 일용직보험설계사 등 소득파악 나선다종합,0
531, 꼬우면 이직 LH 직원글 논란에 정세균 책임 묻겠다,-1
532, 뉴데이일일건강 석류여신 석류저분자콜라겐 4차 재생산,0
533, SK이노 감사위 ITC소송 대응 미흡 배터리 소송 질타,-1
534, 해수부 지원 받은 극지연구소 물범 육아관찰로 학술지 동물 게재,0
535, 내부정보 이용한 공무원 찾는다 전주시 투기의혹 7곳 조사,-1
536, LH 환골탈태 어떻게3기 신도시 배제는 사실상 불가능,0
537, 쿠팡 뉴욕증시 공모가 35달러기업가치 71.8조,0
538, 화성산업 고효율 리브형 슬래브 공법 특허,0
539, 완주군 먼 거리 학생 1천원에 택시 타고 학교 가세요,0
540, 쿠팡 오늘밤 상장해 4조원대 조달,1
541, 임세령도 등기이사로대상 오너 3세 자매 나란히 경영 전면에,0
542, 美 나스닥 상장 쿠팡 주식 공모가 35달러 확정,1
543, 한국거래소 유가증권시장 우수IB에 미래에셋대우 선정,1
544, 롯데홈쇼핑 녹지 조성사업 위해 4억 원 상당 물품 기부,0
545, LG 배터리 합의에 SK 성의 보여야보상방식은 열려있다,0
546, IBK기업은행 ESG 신종자본증권 5000억원 발행,0
547, 신한은행 군인공제회와 목돈수탁대출 업무협약,0
548, LH 달랑 20명 적발 고구마 줄기 혹은 쥐꼬리,-1
549, 세종 산단 인근 벌집 공무원 연루 조사 시작,0
550, 정부 전 국민 고용보험 적용 잰걸음,0
551, 계좌 쪼개기 공모주 중복 청약 막는다,1
552, 한은 급격한 인플레 가능성 제한적가계대출 더 늘어날 듯,0
553, 올댓차이나 중국 증시 상승 마감상하이지수 2.36%↑,1
554, 마켓뷰 3000선 회복한 코스피외국인 역대 2번째 순매수,0
555, 원주민에 줄 당근 공직자가 꿀꺽수술 불가피한 토지보상 제도,0
556, 롯데카드 금융 브랜드 로카 머니 론칭,0
557, 한국LPG산업협회 김상범 회장 재선임...2021년 정기대의원총회 서면 개최,0
558, 서산 현대케미칼 공사장서 근로자 철근구조물 깔려 숨져,0
559, 신도시 땅 투기 의심자 20명 확인주택 공급 차질 불가피,0
560, 코스피 3000선 회복외인 1조7000억원어치 사들여,0
561, SKLG 배터리 소송 합의 난항...SK이노베이션 이사회 배상금 과도하면 수용 불가,-1
562, LH 땅투기에 국민권익위 국민 눈높이 맞는 공직기강 당부,0
563, 비X잭슨 MAGNETIC MV 공개 청담 미미미 가든 배경,0
564, 文정부 깜깜이 평가 수혜자정부 무한신뢰에 투기로 화답한 LH,0
565, 두산밥캣 ㈜두산 산업차량 사업부 인수지게차시장 진출,1
566, 변창흠 장관 리더십 흔들정총리 책임에서 자유롭지 않다,-1
567, 코스피 엿새만에 반등외국인 순매수 규모 역대 2위,0
568, 정부 1차 조사결과 내놓았지만빙산의 일각만 드러났다,0
569, 고작 7명 더 찾았다고 국민을 바보로 아나 투기의혹 들끓는 민심,-1
570, 현대카드 M포인트위크 07 이벤트,0
571, 신도시 투기 정부 조사 고작 7건 적발...증거인멸 기회 보장 우려가 현실로,-1
572, 외국인 1조7000억 매수에4일 만에 삼천피 재등정,0
573, 박철완 금호석화 상무 5년내 시가총액 20조경영권 분쟁 정당화,0
574, 원달러 환율 인플레 공포 진정에 1130원대 하락,-1
575, 소상공인 단체온라인 플랫폼법 신속 제정 촉구,0
576, 금융당국 현대차 임원 내부정보 활용 혐의 등 17건 심리 중,-1
577, K바이오기업들 미국암학회서 항암신약 연구성과 발표 나선다,0
578, 농협 농정통상위원회 조합장 4차 재난지원금 농업인 지원 촉구,0
579, 정세균 투기의심자 20명 곧바로 퇴출하고 불법이익 환수종합,-1
580, 정세균 LH 투기 의심자 11명 변창흠 시절장관 인사조치 가능성,0
581, 교보생명 광화문글판 대학생 에세이 공모전,0
582, 마감시황코스피 1.9% 올라 3000선 복귀6거래일 만에 상승,0
583, 창원 한국지엠 시간당 60대 차량 도장 작업 공장 준공,0
584, 민주당 모친 명의 땅투기 하남시의원 진상조사 착수,0
585, 취임 3개월만에 조기강판 위기 변창흠흔들리는 24대책,-1
586, 두살배기가 1400만원 땅주인세종시에서도 투기 정황 포착,0
587, 의원고위관료에 결국 면죄부이런 투기조사 누가 믿나,0
588, Central bank vows loose money despite inflation signs,0
589, 관료법조인 말고 IT환경 전문가 사외이사 스펙이 달라졌어요,0
590, 공모주 시장 접수한 60대 SK바사 청약금 30% 차지 최대 큰손 부상,1
591, 쿠팡 공모가 주당 35달러 확정5조1600억원 조달,0
592, 부고 송현석신세계푸드 대표이사씨 부친상,0
593, 비대면으로 체험하는 스웨덴 라곰 문화 볼보코리아 헤이 클라스 운영,0
594, 창원시 한국지엠 사장에게 감사패 전달,0
595, 전남농협 백설기 데이 행사... 우리쌀 중요성 알려,0
596, 곡성소식 지방재정 신속집행 최우수 기관 선정,1
597, 코스피 6일 만에 반등외인 역대 2위 순매수종합,0
598, 한국지엠 창원공장 도장공장 준공,0
599, 창원시장 한국지엠 신차 1호 구매 약속,0
600, 갑자기 소환된 다산신도시옆 동네 신도시가 호재라고요,1
601, 수도권 올봄 첫 비상저감조치 헬스케어 가전 주목,1
602, 공무원도 의원도LH 사태가 까발린 공직자 윤리,0
603, 확진 465명 내일 거리두기 조정미국발 변이 확인,0
604, 농식품 분야 예비창업자 50명에게 현장실습 기회 제공,0
605, 땅투기 LH직원 성과급 못 깎는다이유가,0
606, 한전 김종갑 사장 연임 불발코트라 사장 유정열 전 산업비서관 유력,0
607, 한전 새 사장 뽑는다김종갑 사장 연임 불발,0
608, 발칸지역 통신업체 유나이티드도 화웨이 장비 교체 검토,0
609, 첫 차로 SM6QM6 LPG 어떠세요,0
610, 2020 삶의질계속 증가하는 독거노인과 학대아동...고용 만족도 최악,1
611, 광명시 공무원이 취득한 제방 보상 목적 아니면 살 이유 없다,0
612, 야산 한 필지 소유자만 770명세종시 지분쪼개기 투기도 성행,0
613, 주한미군 내 얀센 1호 접종자,0
614, 아우디코리아 A5 스포트백 40 TFSI 콰트로 출시,1
615, 丁총리 투기의심 20건중 11건 변창흠 사장때 발생장관 거취 숙고,0
616, 한정애 환경부 장관 배출가스 5등급 차량 운행제한 현장방문,0
617, 쿠팡 1억3000만주 공모가 35달러 확정5조원 꽂힌다종합2보,0
618, 블록체인 플랫폼 너보스Nervos 빗썸 거래소 상장 발표,1
619, 오후초대석 국부펀드 KIC 작년 수익 23.7조정부 예산 4.6% 번 비법은,0
620, 서울창업허브 푸드메이커 8기 모집  3월21일까지,0
621, 코스피 3010대로 반등,0
622, GC녹십자랩셀 검체분석 서비스 자회사 국제 표준 획득,0
623, 코스피 3010대로 반등,0
624, 코스피 외인 10년래 최대 매수3000선 회복종합,0
625, 쿠팡 뉴욕증시 공모가 35달러 책정기업가치 72조원 달해,0
626, 사설음악저작권료 갈등 수습 방안 찾아야,0
627, 車 번호로 혼유사고 막는다산업부 규제특례 14건 승인,0
628, 산업부금융위 정책형 뉴딜펀드 1호 투자기업 방문,0
629, 전 국민 고용보험 속도...국세청 소득파악 전담 조직 출범,0
630, 현대차 中 전기차시장 공략 위해 中 BYD 배터리 탑재할 듯,0
631, 코인원 바이오패스포트 상장 이벤트,1
632, 코스피 엿새만에 상승 마감3010대로 반등,0
633, 3월14일 화이트데이 아닌 백설기데이입니다,0
634, 투기의혹 인천 계양 가보니땅 안보고 매입한 사람도 있어,-1
635, 코스피 엿새만에 상승 마감,0
636, 비트코인 오늘 오후 6300만원대로 하락,-1
637, 금융위 현대차애플카 협업 공시 관련 거래소 심리 진행중,0
638, 코스피 엿새만에 상승 마감,0
639, 반발 거센 IT업계 대신 소상공인 다독인 조성욱 공정위원장,0
640, 코스피 엿새만에 상승 마감3010대로 반등,0
641, 산업부 그린뉴딜 6건디지털뉴딜 8건 규제특례 허용,0
642, 자판기서 요리 음식맞춤 화장품눈길 끄는 규제샌드박스,0
643, 서울시립미술관 인근에 수소충전소 설치된다산업부 실증특례 승인,0
644, 서울 도심 네 번째 수소충전소 들어선다... 서소문 청사시립미술관 사이,0
645, 에스피네이처에 일감 몰아줘 승계작업 나선 삼표그룹,0
646, 그래픽 자동차 기름혼동 사고 방지 서비스,0
647, 애플현대차 합작설 등 17건 심리시장조성자 조사 이달 마무리,0
648, 개인 맞춤 화장품즉석식품 자동판매기 나온다규제 특례 적용,0
649, 경유차에 휘발유 넣어 800만원 배상 혼유사고 방지 서비스 나온다,0
650, 차량번호 인식해 유종 파악하는 스마트 주유소 가능해진다,0
651, 세상에서 오직 나 한명을 위한 맞춤 화장품 나온다,0
652, 경유차에 휘발유 기름혼동 막는 서비스 나온다,0
653, 서울 사대문 안에 수소충전소 구축정부 실증특례 14건 승인,0
654, 하이트진로 스마트팜 전문 주퍼밋에 투자 결정,0
655, 2021년 제1차 산업융합 규제특례심의위원회,0
656, 성윤모 장관 주재 산업융합 규제특례심의위원회,0
657, 의사봉 두드리는 성윤모 장관,0
658, 성윤모 장관 산업융합 규제특례심의위원회 주재,0
659, 회의 주재하는 성윤모 장관,0
660, 산업융합 규제특례심의위원회,0
661, 성윤모 장관 산업융합 규제특례심의위원회,0
662, IBK기업은행 5000억원 규모 원화 ESG 신종자본증권 발행,0
663, SK이노베이션 이사회 LG측 배상금 요구 과도하면 수용 불가종합2보,0
664, 코스피 엿새만에 상승 마감3010대로 반등,0
665, 3000선 돌아왔다선물옵션 만기일에도 코스피 상승 마감,0
666, 지멘스 에너지 지속 가능한 에너지의 미래를 위한 7가지 전략 제안,0
667, 쿠팡 영향 다날 페이코인 40% 급등거래대금 1조원 넘어,1
668, 코스피 3000선 회복외국인 1.7조 순매수,0
669, 뉴욕 증시 상장 쿠팡 주당 35달러로 확정,1
670, 인사말 하는 성윤모 장관,0
671, 제1차 산업융합 규제특례심의위원회,0
672, 인사말 하는 성윤모 장관,0
673, 제1차 산업융합 규제특례심의위원회,0
674, 마스크 쓰는 정세균 총리,0
675, 시계 보는 정세균 총리,0
676, 3기 신도시 땅 투기 의혹 1차 조사 결과 발표,-1
677, 취재진 질문에 답하는 정세균 총리,0
678, 정세균 총리 3기 신도시 땅 투기 의혹 1차 조사 결과 발표,-1
679, 취재진 질문 받는 정세균 총리,0
680, 고개숙여 인사하는 정세균 총리,0
681, 신도시 투기 1차 전수조사 결과 발표 앞둔 정세균 총리,0
682, 취재진 질문에 답하는 정세균 총리,0
683, 취재진 질문 받는 정세균 총리,0
684, 발표하는 정세균 총리,0
685, 제1차 산업융합 규제특례심의위원회,0
686, 애경 샤워메이트 비누 74% 매출 성장손씻기의 생활화가 매출 상승의 원인,0
687, 집중진단 업계 지각변동 예고이커머스 1위 네이버 쿠팡 대응은,1
688, 의사봉 두드리는 성윤모 장관,0
689, 투기 의심 LH서 20건시민사회 발표에서 7명 추가,0
690, 비트코인 6천300만원대로 하락,-1
691, 국토안전관리원 재외공관 안전도 챙긴다,0
692, 원달러 환율 6거래일 만에 하락해 1130원대 마감,-1
693, 손부한 세일즈포스닷컴 코리아 대표 세계 모든 고객 데이터 축적,0
694, 日증시 美경기 회복 기대에 상승 마감닛케이지수 0.60%↑,1
695, 중소기업기술정보진흥원 중소기업 진흥부문 존경받는 기관에 선정,0
696, 인사말 하는 권태신 전경련 부회장,0
697, 대구참여연대 땅투기 조사 대구시 묵묵부답 이해안가,0
698, 쿠팡 김범석 지분가치 6조9천억원손정의 비전펀드 6.6배,0
699, 집중진단 기업가치 72조원쿠팡 오늘 밤 뉴욕증시 상장한다,1
700, KOMSA 선박검사 법령정보시스템 구축 완료,0
701, 외국인 3개월 연속 증시 이탈채권에는 역대 최대 유입,0
702, 인사 한국환경정책평가연구원,0
703, 대만 중앙은행 미국이 환율조작국으로 지정할 수도,0
704, 농심 배홍동 비빔면 판매 개시하절기면 전쟁 막 올라,0
705, 윤대희 신보 이사장 벤처기업 방문 현장 의견 청취,0
706, 이주노동자 주거환경 개선숙소 허용인원 최대 15→8명,0
707, 환율 원달러 환율 6.8원 내린 1135.9원마감,0
708, PI첨단소재스마트폰전기차 필수 소재1년 새 주가 2배,0
709, 디지털 혁신의 끝판왕 세일즈포스닷컴 SW에 구독경제 접목해 오라클 제쳤다,0
710, 2021년 신조어 LH로남불분노한 민심 패러디로 복수,0
711, 시황코스피 3013.70▲1.88% 코스닥 908.01▲2.02% 원달러 환율 1135.9원▼6.8원 마감,0
712, 마감 코스닥 지수 2.02% 마감 ... 908.01,0
713, LH 투기 정부합동조사단 발표 하남교산공공주택지구,0
714, LH 투기 정부 합동조사단 1차 전수조사 결과 발표,0
715, LH 투기 정부합동조사단 발표 하남교산공공주택지구,0
716, 하남교산공공주택지구,0
717, LH 투기 정부합동조사단 발표 하남교산공공주택지구,0
718, LH 투기 정부 합동조사단 1차 전수조사 결과 발표,0
719, 자산 1조원 넘는 저축은행 개인사업자에 60억원까지 빌려줄 수 있다,0
720, 호텔신라 노사 올해 임금 동결 합의 코로나 고통 분담 차원,0
721, 일문일답정 총리 변창흠 책임 자유로울 수 없어..조치 숙고할 것,0
722, 한은 코로나19 여파 고용 악화 심해져..회복 속도 더디다,-1
723, 마감 코스피 지수 1.88% 마감 ... 3013.7,0
724, SK텔레콤 비대면 협력사 동반성장 2021 CEO 포럼 개최,0
725, 11일 원달러 환율 6.8원 내린 1135.9원 마감,0
726, 기업은행 원화 ESG 신종자본증권 5000억원 발행,0
727, 원자재 슈퍼사이클 시작됐나...구리원유옥수수커피 다 오른다,0
728, 코스피 엿새만에 상승 마감3010대로 반등,0
729, 일감부족에 무급 순환휴직까지 꺼내든 르노삼성노조는 반발,0
730, 공정위 온라인 플랫폼 입점업계 간담회 열어,1
731, KB국민카드 모바일 학생증 체크카드 서비스 출시,1
732, 공정위 온라인 플랫폼 입점업계 간담회 열어,1
733, 슈퍼주총 돌입 다음 주 상장사 150곳 정기주총,1
734, 발언하는 조성욱 공정거래위원장,0
735, MG손보 16일부터 자동차보험료 2% 인상...캐롯손보 내달 인상종합,0
736, 발언하는 조성욱 공정거래위원장,0
737, 김재천 AK플라자 대표 취임 100일 맞아 라방 소통나서,0
738, 발언하는 조성욱 공정거래위원장,0
739, 플랫폼 입점업계 대표들과 인사하는 조성욱 공정거래위원장,1
740, 역대급 63조 몰린 SK바사청약 큰손은 5060,1
741, 입장하는 조성욱 공정거래위원장,0
742, 뉴욕 증시 상장 쿠팡 공모가 35달러 확정5조1000억 조달,1
743, 뉴스까페 63조 청약 증거금에도 증권사 이벤트 시큰둥 왜,1
744, 정세균 투기 의심자 20명 확인 모두 LH 직원 전문,0
745, 쿠팡 김범석 지분가치 6조 9천억 원손정의 비전 펀드 6.6배,0
746, 흥국생명 금융소비자보호 실천 결의대회 개최,0
747, 김현수 장관 투기적 목적 농지 취득 방지할 방안 마련할 것,0
748, 일용근로자 등 소득지급명세 불분명 금액 5% 이하면 가산세 면제,0
749, 한전 김종갑 사장 연임 불발새 사장 뽑는다,0
750, 일은 없고 친구도 못 만나고 일상을 덮친  코로나 블루,0
751, 원달러 환율 6.8원 내린 1135.9원 마감,0
752, 美 증시 상장 쿠팡 공모가 35달러 확정5조1천억 원 조달,1
753, 카드뉴스 홍삼 그것이 알고 싶다 홍삼 효능에 숨겨진 비밀,0
754, 조정지역 등 현 추세 반영 청주시 새 주택정책 수립한다,0
755, 쿠팡 美 뉴욕 상장에손정의 20조 잭팟 터졌다,1
756, 흔들리는 변창흠 리더십24대책은 어떻게,-1
757, 철원군 과수세균병 방제 약품 농가 무상 공급사전 방제 당부,0
758, 미 전기차 스타트업 카누 2023년에 픽업트럭 출시,1
759, 한은 집값상승부채증가 금융시스템 리스크 가능성종합,0
760, 신생 LCC 에어프레미아 다음달 1호기 도입,0
761, 한전전남도나주시 나주 강소연구개발특구 선포식,0
762, 쿠팡 김범석 지분가치 6조9천억원손정의 비전펀드 6.6배,0
763, 제약바이오협회 바이넥스 원료 용량 조작 일벌백계 조치,0
764, 비트코인 앞지른 페이코인...쿠팡 상장 순풍,1
765, SK이노베이션 이사회 LG측 배상금 요구 과도하면 수용 불가,0
766, 온라인플랫폼 입점기업 3곳 중 2곳 수수료 부담스럽다,1
767, 20건 투기 의심 확인LH 투기 의혹 1차 조사 발표,-1
768, 옥천 농특산물중소기업 제품 우체국 쇼핑몰 진출,1
769, 여수 해양수산과학관 재개관전시관 새단장,0
770, 그래픽 국내 코로나19 백신 접종 현황,0
771, 하자 분쟁 사라질까한샘 시공교육 강화한다,0
772, 쿠팡 미국서 시총 70조원대 평가국내서도 가능했을까,0
773, 영상뉴스 박재식 저축은행중앙회장 저축은행 양극화 개선방안 필요,0
774, 계양 신도시 사업 백지화하라,0
775, 우리는 개발을 원치 않는다,0
776, 적막감 흐르는 인천 계양 테크노밸리 예정지,0
777, 우리는 개발을 원치 않는다,0
778, 인천 3기 신도시 예정지에 내걸린 대토상담 현수막,0
779, 중소기업 온오프라인 판로 정부가 뚫어준다,0
780, 인천 3기 신도시 예정지에 내걸린 대토상담 현수막,0
781, 적막감 흐르는 인천 계양 테크노밸리 예정지,0
782, 225억 배당잔치 하면서 보험설계사는 자회사로 강제 이동,0
783, LH국토부 투기 의심 20명 적발토지거래 광명시흥 집중,-1
784, 쿠팡 창업 10년여 만에 시총 72조현대차 제치고 3위 등극,0
785, 72조 몸값 쿠팡 공모가 35달러 확정5조원 조달,0
786, 부산혁신센터 지역기업의 TV홈쇼핑 진출 돕겠다,1
787, 쿠팡 영향 다날 페이코인 40% 급등거래대금 1조원 넘어,1
788, 평택시 브레인시티현덕지구 공직자 토지 거래현황 자체 조사,0
789, 금융연구원 제10대 신임 원장에 박종규 선임연구위원 선출,0
790, 마스크 벗는 정세균 총리,0
791, 인사하는 정세균 총리,0
792, 마스트 벗는 정세균 총리,0
793, 질문자 지명하는 정세균 총리,0
794, 인사하는 정세균 총리,0
795, 질문자 지명하는 정세균 총리,0
796, 한국관세사회장 선거 기호 3번 신민호 관세사프로필 및 소견문,0
797, 한국관세사회장 선거 기호 2번 김철수 관세사프로필 및 소견문,0
798, 한국관세사회장 선거 기호 1번 박창언 관세사프로필 및 소견문,0
799, 전주 노른자 옛 대한방직 터 개발공 넘겨받은 자광의 선택은,0
800, LH 투기 의심자 20명 확인... 정 총리 해체 수준 혁신 단행,0
801, 이부진 호텔신라 사장 지난해 연봉 48억9200만 원 수령,0
802, 포항시민단체 시민 건강권 무시하는 포스코 회장 연임 반대,0
803, 차백신연구소 코스닥 기술특례 상장 기술성 평가 통과,1
804, 한국지엠 창원 도장공장 준공식 개최,0
805, 광주경찰 산정지구 공직자 투기 의혹 수사 착수,-1
806, 유가증권시장 우수 IB에 미래에셋대우 선정,1
807, 정세균 LH직원 7명 투기혐의 추가 확인변창흠 거취 심사숙고,-1
808, 인천 계양테크노밸리신도시 부지도 투기 의혹,-1
809, 인천 계약테크노밸리신도시 부지 인근에 걸린 현수막,0
810, 3기 신도시 투기의혹 경찰 인천시 공무원 전수조사 착수,-1
811, 인천 계양테크노밸리신도시 부지도 투기 의혹,-1
812, 3기 신도시 투기의혹 일파만파 인천 계양테크노밸리신도시,-1
813, 인천 계약테크노밸리신도시 부지 인근에 걸린 현수막,0
814, 3기 신도시 투기의혹 경찰 인천시 공무원 전수조사 착수,-1
815, 인천 계양테크노밸리신도시 부지에 붙은 현수막,0
816, 일본 맥주 수입 5개월째 증가,1
817, 속보LH 투기 의심 20건11건은 변창흠 사장때,0
818, 일본 맥주 수입 5개월째 증가,1
819, 국세청 소득자료관리준비단 출범전국민 고용보험 본격화 대비,0
820, 소상공인 단체들 플랫폼 입점업체 피해 심각...공정화법 제정 촉구,0
821, 삼천포항제주항 여객선 7년 만에 다시 뱃고동,0
822, 일본 맥주 수입 5개월째 증가,1
823, 고품질 바이오연료 LNG 전환정유업계 탄소중립 선언,0
824, 게시판 진에어 집에서 먹는 기내식 신메뉴 출시,1
825, LH 진주 본사,0
826, 한국지엠 도장공장 준공창원시장 신차 1호차 구매 약속종합,0
827, 전문정세균 국무총리 LH 사태 1차 합동조사 결과 발표문,0
828, 농어민 가구당 100만원씩 與 요구에기재부 여야 합의부터,0
829, 금융 업계 비대면 핀테크 서비스에 집중하는 이유,0
830, LH 진주 본사,0
831, LH 진주 본사와 계란 자국,0
832, 박철완 경영권 남용 견제 실패 비판금호석유화학 분쟁 점입가경,0
833, 올리브영 온라인에서 산 물건 반품도 매장에서 받아드려요,0
834, LH 바닥에 작성된 문구,0
835, 뉴스큐브 신규확진 465명AZ백신 65세 이상 접종,0
836, 美 증시 상장 쿠팡 공모가 35달러 확정5조1천억 조달,1
837, 애플 내년 독일 뮌헨에 반도체 연구소 개설,0
838, LH 진주 본사,0
839, 속보정 총리 LH 블라인드 글 용서 안 돼..책임 묻겠다,0
840, 세종돋보기플랫폼법 공회전에 속 타들어가는 공정위,0
841, LH 진주 본사와 계란 자국,0
842, 중소사업자소상공인 온라인 플랫폼 공정화법 조속 입법 촉구,0
843, 수개월 쌓인 글 순삭디씨 국취 갤러리 폭파 사건의 전말,0
844, 전남도 재난지원금 대상에 버스 운수종사자 포함 건의,0
845, LH 폐쇄된 출입구,0
846, 속보정세균 부적절 글 쓴 LH 직원 공직자 품격 손상책임 물을 것,0
847, LH 폐쇄된 출입구,0
848, 온라인플랫폼법 조속 입법 지원사격나선 조성욱 공정위원장,0
849, 이슈 직설 일반인에겐 낯선 대토보상제개발 예정 임야맹지 헐값에 사들여 엄청난 프리미엄,0
850, 한국선급 웹세미나 EEXI 대응 어떻게 할 것인가,0
851, 조성욱 디지털 갑을관계는 규율 사각지대해소 위해 온플법 필요,0
852, LH 땅 투기 의심 사례 추가,0
853, 속보정 총리 부동산 정보제공 불응 대상자 수사의뢰,-1
854, 플랫폼 입점업계 공정위원장 만나 단체구성권 검토해야,1
855, 은성수 뉴딜펀드 1호 투자기업 찾아 미래 먹거리 마중물,0
856, 은성수 뉴딜펀드 1호 투자기업 방문...정책적 지원 아끼지 않을 것,0
857, 조성욱 플랫폼 계약서 작성 의무도 없어온플법 시급,0
858, 조성욱 온플법 플랫폼 입점업체 보호 위해 마련디지털 갑을관계 규율이 핵심,1
859, 조성욱 만난 입점업체들 온라인 플랫폼법 입법 시급하다,1
860, 조성욱 공정위원장 온라인 플랫폼 공정화 입법추진 도와달라,0
861, 플랫폼 입점업체 수수료 과다 입모아공정위원장 반영 검토,1
862, 군인공제회신한은행 목돈수탁대출 출시 업무협약,1
863, LH 땅 투기 의심 사례 추가,0
864, LH 직원 20명 투기 의심..정부 부동산 범죄와 전쟁종합,0
865, 이슈 직설 꾼들의 솜씨 농지에 묘목 심고 대토 보상까지 노린 LH 직원들이것이 신도시 투기의 정석,0
866, 이슈 직설 걸리면 패가망신이라더니 LH 사태 반쪽 조사친인척 투기는 조사도 못 해,0
867, 브리핑룸 들어서는 정세균 총리,0
868, 정세균 총리 신도시 투기 1차 전수조사 결과 발표,0
869, 신도시 투기 1차 전수조사 결과 발표 앞둔 정세균 총리,0
870, 브리핑룸 들어서는 정세균 총리,0
871, 신도시 투기 1차 전수조사 결과 발표 앞둔 정세균 총리,0
872, LH 땅 투기 의심 사례 추가,0
873, 국내외산 전기차 저온 시 주행거리  9.839.5% 추락,0
874, LH 투기 의심 사례 20명,0
875, 인사하는 정세균 총리,0
876, 정세균 총리 신도시 투기 1차 전수조사 결과 발표,0
877, 시계 보는 정세균 총리,0
878, 신도시 투기 1차 전수조사 결과 발표하는 정세균 총리,0
879, 대기하는 정세균 총리,0
880, 정세균 총리 신도시 투기 1차 전수조사 결과 발표,0
881, 질의 받는 정세균 총리,0
882, 신도시 투기 1차 전수조사 결과 발표하는 정세균 총리,0
883, 발표하는 정세균 총리,0
884, 신도시 투기 1차 전수조사 결과 발표하는 정세균 총리,0
885, 인사하는 정세균 총리,0
886, 정세균 총리 신도시 투기 1차 전수조사 결과 발표,0
887, 경기북부청 창릉왕숙 땅투기 집중 파헤친다,0
888, LH 투기 의심 사례 20명,0
889, SK바사 계좌 영끌해 최소 청약하면 수익은,1
890, LH 투기 의심 사례 20명,0
891, 금감원 소보처 신한은행 제재심 참석할까,0
892, LH 투기 의심 사례 20명,0
893, 文정부 안전한 대한민국 공약했지만화재개인정보신종질병 불안하다 응답 압도,0
894, 63조 역대급 증거금 SK바사가 불붙힌 IPO 시장다음 타자는,0
895, 롯데GRS 엔제리너스 프레쉬 베이커리 출시,1
896, 통화신용보고서올해 수출 상당폭 증가글로벌 경기회복반도체 경기개선,1
897, 희망 터전을 만드는 LH,0
898, 현장연결 질병청 기타 변이바이러스 국내서 총 75건 확인,0
899, LH 투기 의심 7명 추가,0
900, 미 대륙횡단 열차 5월 운행 재개경기부양책 승인이 계기,0
901, LH 직원들이 창릉역 개발정보 가만히 놔뒀겠나,0
902, 속보정 총리 아파트 떳다방 부조리 철저히 확인,0
903, 단독 뭐가 겁나길래LH 예산낭비 실태조사도 거부,0
904, 코로나19 특수로 날개 단 한국 식기세척기 수출,0
905, 국세청 올 7월부터 일용직 소득 매월 파악 사회안전망 강화,0
906, 속보정세균 총리 투기 의심자 20명 모두 LH 직원,0
907, 속보정세균 변창흠 책임에서 자유로울 수 없어조치 심사숙고,0
908, 속보정 총리 LH 해체 수준의 환골탈태 추진,0
909, 속보정 총리 투기 의심자 20명 모두 LH 직원,0
910, IBK기업은행 원화 ESG 신종자본증권 5천억원 발행,0
911, 전규안 칼럼 신외감법 시행위기가 기회 기회가 위기,0
912, 제약명가 종근당 뚝심 있는 RD; 투자로 혁신 신약 줄줄이 빛본다,0
913, 비트코인 6천500만원대 상승,0
914, 비트코인 19일 만에 6천500만원대 상승,0
915, 라이나생명 신임 대표는 왜 텔레마케팅에 주목했을까,1
916, 10억클럽 노원 상계주공...재건축 안전진단 속도 내며 거침없는 질주,0
917, 비트코인 19일 만에 6천500만원대 상승,0
918, 속보정세균 변창흠 책임 자유로울 수 없어조치 심사숙고,0
919, 靑 비서관급 이상 본인가족 전수조사 투기 의심 거래 없어,0
920, 농사 준비 한창,0
921, 정세균 변창흠 국토장관 책임 자유롭지 않아...조치 심사숙고,0
922, 속보정 총리 변창흠 책임으로부터 자유로울 수 없다,0
923, 속보정 총리 투기 의심 20건 중 11건 변창흠 재임 때 발생,0
924, 올해 수출 상고하저 개선백신무역갈등 변수,0
925, 가계대출 증가세 지속 전망부동산 상승은 공급 부족 탓,1
926, 전경련 차등의결권 도입기업 경영성과 뛰어나,0
927, 한은 급격한 인플레이션 가능성 낮다,0
928, 뉴스까페 견제 대신 거수기 사외이사금융지주 이사회 안건통과율 99%,0
929, 전문정세균 국토부LH 투기 의심자 20명이익 빠짐없이 환수,0
930, 속보LH 투기 정부 합조단 토지 외 주택 거래도 확인특수본 이첩,0
931, 과천청사 유휴부지 내 공공주택 계획 철회 37개 단체 촉구,0
932, 소득 지급명세서 5% 이하 오류 가산세 면제,0
933, 지배구조자문위 포스코 최정우회장 연임안 찬성,0
934, 정 총리 3기 신도시 투기 의심자 20명 확인떳다방 등 특단대책 마련상보,0
935, 그래픽 가계대출 증감 및 증가율,1
936, 하이엔드 브랜드 아크로 지방 최초 해운대에 출사표,0
937, GS25 베트남 100호점 오픈,1
938, 속보정 총리 LH 통해 주택공급 차질 없이 진행,0
939, WSJ 쿠팡 공모가 주당 35달러기업가치 72조원,0
940, 속보정부 합조단 고양 행신다산신도시서 주택 의심 거래 확인,0
941, 투기의혹 세종산단 예정지 가보니외지인 벌집주택 수십채,-1
942, NHN 클라우드 브랜드 공개매출 2025년 1조원 목표,0
943, 정세균 투기공직자 즉각 퇴출투기이익 모두 환수,-1
944, 전자문서 도입 1년...우리은행 이용률 개선비용 절감 효과,0
945, 외국인 투자자들 주식 팔고 채권 쓸어담았다,0
946, 배민 김봉진 1000억 사재 털어 직원라이더에 주식격려금 준다,0
947, 롯데칠성  마이크로바이옴 전문기업 비피도 지분 1.61% 투자,0
948, 신한은행 군인공제회와 목돈수탁대출 출시 업무협약 체결,1
949, 속보국토부LH 직원 가족과 차명 거래 등 수사 특수본서 진행,-1
950, 롯데홈쇼핑 녹지 조성사업 위해 4억원 상당 물품 기부,0
951, 속보LH 등 투기 의심자 20명광명시흥지구에 집중,0
952, 속보정 총리 부동산 범죄와의 전쟁 선포,0
953, 속보정 총리 경제부총리 중심으로 LH 혁신방안 마련,0
954, 속보정 총리 불법 투기 공직자 곧바로 퇴출,-1
955, 속보정 총리 고양시 행신동남양주 다산신도시 주택 거래 수사,-1
956, 속보정 총리 권익위 신고 내용 조사해 별도 발표,0
957, 속보정 총리 특별수사본부서 배우자직계존비속 투기 조사,-1
958, 쿠팡 美 증시 상장 임박임직원 스톡옵션 잭팟에도 관심,1
959, 丁총리 LH국토부 땅투기 의심 7명 추가돼 총 20명,0
960, 속보정 총리 LH 조사결과 나오는 즉시 수사의뢰,-1
961, 변창흠 LH 사장 시절 성과급 전액 기부 의향 있다,0
962, 속보 정세균 3기 신도시 투기 의심 국토부LH 직원 20명,0
963, 속보정 총리 경기인천기초지자체지방공기업도 조사,0
964, BMW코리아 M2 컴페티션 파이널 에디션 87대 한정 판매,0
965, 인플레 기대 꺾는 한은물가 오름세 지속되지 않아,0
966, 中호주 갈등 파고드는 러석탄 수출로 대중 무역적자 축소,0
967, 정세균 부동산 범죄와의 전쟁 선포...기획부동산떳다방 엄단,0
968, 속보LH 신뢰 회복불능 추락환골탈태 혁신방안 마련,0
969, 정세균 LH 국민신뢰 회복불능 추락환골탈태 혁신방안 마련,0
970, 팩트체크 오스트리아는 AZ 코로나백신 접종 중단했다,-1
971, 속보정부 합조단 부동산 범죄와의 전쟁 선포불공정 엄단,0
972, 원주 도심 중앙선 폐철도 부지에 치악산 바람길 숲 만든다,0
973, 신도시 투기 토지 외 주택 거래내역 확인거래내역 특수본에 이첩,0
974, 속보정세균 공직자 투기이익 법제도 총동원해 빠짐없이 환수,0
975, 정세균 특수본 차명거래 등 투기 반드시 처벌배우자직계존비속도 조사,0
976, LG유플러스GS건설 스마트건설 기술 활용 안전생산성 높인다,0
977, 정세균 LH 외 경기인천 기초지자체 및 지방공기업 임직원 조사,0
978, 속보정 총리 광명시흥 등 20명 투기 의심자 확인,0
979, 정세균 국토부LH 투기의심자 20명명백한 범죄 용서 않을 것상보,0
980, 시그널 ESG경영 속도내는 현대重그룹현대건설기계도 지속가능 채권 발행,0
981, 속보국토부LH 투기 7명 더 나왔다총 20명,0
982, 속보정세균 LH 사태 1차 조사 투기의심자 20명 확인,0
983, 속보불법 투기 20명 광명시흥 집중他3기 신도시 지구도 발견,-1
984, 정세균 LH 해체 수준의 환골탈태...경제부총리 중심 쇄신 예고종합,0
985, LH사태 8일 동안 1만4000명 조사해서 20명 확인정부투기조사 1차 발표,0
986, 속보정부 합조단 1차 전수조사 추가 7명 적발총 20명,-1
987, 해양환경공단 찾아가는 해양환경 이동교실 신청 접수,0
988, 카카오뱅크 저축은행증권사우체국으로 오픈뱅킹 확대계좌,1
989, LIVE LH 투기 의혹 1차 조사 결과 발표,-1
990, 김봉진 의장 직원라이더에 1000억대 주식 준다,0
991, KTG;    인도네시아에 직업훈련센터 운영... 취약 계층 자립 지원,0
992, 관세청 3월 초 수출 25.2% 증가반도체자동차 20% 이상↑,1
993, 시그널  3주 혹은 0주SK바사 청약자 증권사별 喜悲,1
994, 증시 변동성 원인 뭘까순환매CFD 지목,0
995, 속보정부 합조단 LH 기존 병폐 도려내고 환골탈태하는 혁신방안 마련,0
996, 속보정부 합조단 투기의심자 총 20명 확인,0
997, 속보정부 합조단 다른 3기 신도시도 투기 의심사례 발견,0
998, 속보정부 합조단 배우자직계존비속 조사 특별수사본부가 맡는다,-1
999, 속보정부 합조단 불법 투기행위 공직자 곧바로 퇴출,-1
1000, 한은 이달 말 한시적 대출 적격담보증권 확대 조치 종료,1
1001, 쿠팡 상장에 국내 이커머스 성장 불붙는다,1
1002, 고시원여인숙 주거 취약계층에도 기초연금 신청하세요,0
1003, 2월 입주율 88.9%2017년 6월 이후 최고치,1
1004, 한국마사회 2021년 장제교육생 모집,0
1005, CU GET커피 텀블러 구매 시 할인 적용친환경 소비 권장 위한 인센티브 제도 강화,0
1006, 우리은행 개인사업자 전용 비대면 상품 우리Oh클릭대출 출시,1
1007, 대한항공 유상증자 일반공모 경쟁률 518.26대 1,0
1008, 변창흠 장관 LH 사장 시절 성과급 6000만원 기부 의향 있다,0
1009, 다 LH거야 집 있다고 난 LH직원LH사태 패러디 봇물,0
1010, 지배구조자문위 최정우 포스코 회장 연임안 찬성,0
1011, 일본 수입 맥주 5개월째 증가NO재판 시들해졌나,1
1012, 그래픽 보건산업 수출액 추이,0
1013, 배달의민족 김봉진 사재 털어 직원라이더에 1000억 쏜다,0
1014, 신생 LCC 에어프레미아 다음달 1호기 도입650억 투자 유치,1
1015, 한국 경마 이끌 국산마 루키 찾아라국산마 경매시즌 개막,0
1016, 배민야놀자 등 입점업체 74% 매출 절반 이상 플랫폼 의존,1
1017, 통화신용보고서주가 상승 실물경제 기여 측면주택가격 상승은 한층 유의해야,0
1018, 하이트진로가 스마트팜에 투자신사업 찾는 식음료업계,0
1019, 경제 완전정복 쿠팡 공모가 35달러72조원 미국시장이 쿠팡을 높이 평가한 이유는,0
1020, 월드옥타서치코 중소기업 위기관리 지원 MOU,1
1021, 씨유 개인컵 가져가면 커피 200원 할인,0
1022, 쿠팡 스톡옵션 6천570만주직원들 잭팟 터지나,1
1023, 부안로컬푸드직매장 5월 개장군 식품가공업체 설명회,0
1024, 쿠팡 스톡옵션 6천570만주직원들 잭팟 터지나,1
1025, 그래픽 서울 집값 0.07% 올라 전주와 동일,0
1026, 광주 산정지구 땅거래면적 1년새 34배곳곳에 투기 정황종합,0
1027, 무진장축협 샘골농장 청정축산환경대상 우수상,1
1028, 한국마사회 닉스고 美 메릴랜드 올해의 경주마 선정,0
1029, 서울 아파트값 다시 꿈틀2∙4 대책 약발 다했나,0
1030, 쿠팡 美상장 후 한국서 과징금공정위 부당반품 조사 완료,0
1031, 포스코케미칼 디딤씨앗통장 후원 진행포항 구미 광양지역 청소년 대상,0
1032, SK이노베이션 이사회 LG측 배상금 요구 과도하면 수용 불가종합,0
1033, 200명 뽑는데 1500명 몰려中企 연구인력 지원사업 뭐길래,0
1034, 전경련 차등의결권 도입기업 경영성과주주이익 우수,1
1035, WSJ 쿠팡 공모가 35달러 책정기업가치 72조원,0
1036, 전남농협 3월 14일은 백설기 데이쌀맛 나는 세상,0
1037, WSJ 쿠팡 공모가 35달러 책정기업가치 72조원,0
1038, 기업은행 5000억 규모 ESG 채권발행...역대 최대 규모,0
1039, 네이버 법률 용어 번역 스타트업 베링랩에 투자,0
1040, 월드옥타서치코 중소기업 위기관리 지원 MOU 체결,1
1041, 이번주 서울 아파트 가격 0.07% 상승5주째 상승폭 주춤,0
1042, 한국마사회 탁구단 주세혁 횡성군서 11 탁구 레슨,0
1043, 부산시 남은 음식 재사용 식당 기획수사이름 공개 등 엄벌,-1
1044, LH 사태로 불붙은 농지 꼼수이용 논란소유 규정 강화 검토,-1
1045, 쿠팡 공모가 35달러기업가치 72조 원,0
1046, 박철완 현 이사회 경영진 견제 실패주총 앞두고 삼촌 공격,0
1047, 쿠팡 공모가 35달러 책정 상장 청신호,1
1048, 쿠팡 공모가 35달러 책정,0
1049, 쿠팡 상장 앞두고 공모가 35달러 책정,1
1050, 中 지리 전기차 브랜드 폴스타 올해 국내 진출 폴스타코리아 설립,1
1051, 네이버 뛰어넘은 쿠팡 기업가치오버밸류 시각도,0
1052, 김봉진 사재로 직원라이더에 1000억 쏜다,0
1053, 바이넥스 제명될까제약바이오협회 일벌백계할 것,0
1054, 소득 지급명세서 잘못쓴 금액 5% 이하는 가산세 면제,0
1055, 일문일답한은 시장 상황따라 7조원 넘는 국고채 매입도 가능,0
1056, 호텔신라 노사 코로나19 장기화에 임금 동결 합의,0
1057, 성장률 19% 예측도 낮춰잡은 것 반도체 시장 장기 호황 돌입,0
1058, 전국민 고용보험 첫발국세청 소득자료관리준비단 출범,0
1059, 한은 코로나19 기업유동성 지원기구 2.5조 매입..시장안정화 기여,0
1060, 쇼 그만 집값 되돌려라부동산 비판 버스 달린다,0
1061, 경남은행 창원파티마병원지점 개점,0
1062, 청호나이스 굿 디자인 어워드 우수디자인 선정,1
1063, NHN 2025년 클라우드 연매출 1조 도전,0
1064, 엔씨도 연봉인상 합류CEO 보너스도,0
1065, 충남 소득 역외유출 규모 2019년 25조원 전국 1위,1
1066, bhc치킨   12월 가맹점 매출 역대 최고치 전년대비 22% 증가,1
1067, 한은 급격한 인플레이션 가능성 제한적,0
1068, 조류인플루엔자 검출 농장 살처분,0
1069, 조류인플루엔자AI 검출 농장 살처분,0
1070, AI 검출로 닭 살처분,0
1071, 조류인플루엔자AI 검출 농장 살처분 작업,0
1072, AI 검출 농장 살처분,0
1073, 삶의 질 코로나 여파에 고용실업질병 불안 악화환경은 개선,-1
1074, 조류인플루엔자AI 검출 농장 살처분 작업,0
1075, 일문일답한은 필요시엔 상반기 최대 7조보다 국채 매입 더 할 것,0
1076, LH 경영평가 A등급변창흠은 6000만원 넘는 성과급,0
1077, 조류인플루엔자AI 검출 농장 살처분 작업,0
1078, 살처분 준비하는 방역 관계자,0
1079, 교원에듀 위즈키즈 2021년 우수콘텐츠잡지 선정,1
1080, 조류인플루엔자 검출 농장 살처분,0
1081, 김대호의 경제읽기 미국서 번 돈 신고구글 유튜버 수익에 세금,0
1082, 포항제철소 3고로 열풍로 열효율 개선으로 연간 28억9천만원 원가절감탄소배출량도 감소,1
1083, 한국에 오래 머물겠다창원에 신차 도장공장 준공한 지엠,0
1084, 한국FPSB 무료 직업소개사업 전개하며 ESG 경영 강화,0
1085, 전국민 고용 보험 위해 일용직특고 매달 소득 파악,0
1086, 신차 생산 첫 단추한국지엠 창원 도장공장 준공,0
1087, 쿠팡 스톡옵션 6천570만주잭팟 터질 직원에 주목,1
1088, 티바두마리치킨 임영웅 신곡 발매 기념 이벤트 미개봉 친필 싸인 폴라로이드 공개,0
1089, ㈜지엘피앤피 프리미엄 바이주 길몽吉夢 최대 주류 시장 미국 진출하며 해외거점 확대,1
1090, 지급명세서에 불분명금액 5% 이하땐 가산세 안낸다,0
1091, 파리바게뜨  홈데이트 위한 화이트데이 선물 출시,1
1092, 유통단신 대백프라자 실내 벚꽃파티 인증하고 공차 받으세요,0
1093, 화이트데이 달콤함 보단 실속사탕초콜릿 매출 ↓ 란제리와인↑,0
1094, 소득 지급명세서 불분명 금액 5% 이하면 가산세 면제,0
1095, 임원이 여직원 폭행 제일약품 직원 절반 직장 괴롭힘 경험,0
1096, 한전 전남나주 강소특구 비전선포식 개최350억원 투입,0
1097, 쏟아지는 투기 의혹에광명시흥 아파트값 껑충,-1
1098, 변창흠 장관 LH 사장 시절 성과급 전액 사회 환원키로,0
1099, 엔씨소프트도 연봉 인상 대열 합류전 임직원 네자릿수,0
1100, 소득 지급명세서 잘못쓴 금액 5% 이하면 가산세 면제,0
1101, 생명보건의료에너지자원기술수준도 중국에 추월당했다,0
1102, 서울 아파트값 5주 연속 상승폭 둔화수도권 강세 계속,0
1103, 남부발전 특정제품 비싸게 구매100억원대 사업비 낭비,0
1104, 희미해진 24 대책 약발서울 집값 0.07% 올라 전주와 동일,0
1105, 전국민 고용보험 대비 일용직 소득자료 매월 제출가산세 부담 완화,0
1106, 일용직특고 명세서 안 내도 가산세 0.25%로 감면,0
1107, 소득지급명세서상 불분명 금액 5% 이하면 가산세 면제,0
1108, 현대차 22년만에 새 MPV 스타리아 티저 이미지 공개,0
1109, 변창흠 LH 사장 성과급 전액 사회 환원하겠다,0
1110, 특징주 한화에어로스페이스 PW; 골드 획득에 강세,0
1111, 미 SEC 유명인 따라 무작정 스팩 투자 하지 말라 주의보,0
1112, BMW코리아 M2 컴페티션 파이널 에디션 출시87대만 판매,1
1113, 농식품 예비창업자 벤처기업에서 인턴부터 해보세요,0
1114, 동서식품   믹스커피 한 잔의 여유  커피타고 쉬어가자  캠페인,0
1115, 손정의 20조 잭팟 쿠팡 공모가 35달러희망가 뛰어넘었다,1
1116, K배터리 3인방 외국인 사자 힘입어 강세,0
1117, 윤대희 신보 이사장 혁신기업 계속 지원,0
1118, 한은 반도체 경기 개선 등으로 올해 수출 크게 회복급격한 인플레는 제한적,0
1119, 온라인 플랫폼 입점기업 66% 수수료 부담스러워,1
1120, 쌍방울 화이트데이 맞이 속옷 선물세트 제안,0
1121, 뉴욕증시 상장 앞둔 쿠팡 공모가 35달러 책정,1
1122, 쿠팡 상장 앞두고 공모가 35달러 책정,1
1123, 쿠팡 공모가 35달러 책정,0
1124, 쿠팡 상장 앞두고 공모가 35달러 책정,1
1125, 뉴욕증시 상장 앞둔 쿠팡 공모가 35달러 책정,1
1126, 상장 앞두고 공모가 35달러 책정된 쿠팡,1
1127, 쿠팡 상장 앞두고 공모가 35달러 책정,1
1128, 쿠팡 공모가 35달러 책정,0
1129, 공모가 35달러 책정된 쿠팡,0
1130, 상장 앞두고 공모가 35달러 책정된 쿠팡,1
1131, 진단키트 첫 사용승인 그 기업1년 순이익 40% 기부했다,0
1132, 소비자원 주방용 세제 경제성은 제품별로 차이,0
1133, 전경련 차등의결권 도입기업 경영성과주주이익 실현 우수,1
1134, 피에르오제 프리미엄 클렌저 출시,1
1135, NHN 5년 내 클라우드 연매출 1조원 목표북미 업체 인수,0
1136, 미니보험 갱신 기간 1년 이내보험금 최대 5천만원,0
1137, 와퍼 너마저도버거킹 17개 메뉴 평균 1.2% 가격 인상,0
1138, 전국민 고용보험 본격화김대지 국세청장 실시간 소득파악,0
1139, 베일 벗는 인천 시티오씨엘 3단지,0
1140, 롯데百 스위스 명품 공기청정기 팝업 오픈,1
1141, 부동산 팔았다가 계약 해지10억원 챙긴 볼빅  그래도 불안불안,-1
1142, 치킨플러스 방글라데시 마스터프랜차이즈 MOU 체결,1
1143, 베트남 즉떡몽골 원두커피...이러니 K편의점에 반하지,0
1144, 반도건설 친환경준불연 단열재 전 현장 도입,0
1145, 한은 가계대출 증가세 당분간 지속위험 유의,1
1146, 한국금융연구원 새 원장에 박종규 선임연구위원,0
1147, 안성 축산물공판장 관련 12명 추가 확진누적 108명,0
1148, 아시아나항공 통합 방역 프로그램 도입고객 신뢰 높인다,0
1149, MG손보 16일부터 자동차보험 보험료 2% 인상,0
1150, 쌍용차 P플랜 초읽기마힌드라 지분 감자 승인,0
1151, 건강 올레길 콤비교정 위아래 치아에 다른 방식 적용해 심미성은 높이고 비용 부담은 줄여,0
1152, 쿠팡 최종공모가 35달러연이은 악재에도 기업가치 72조,-1
1153, 월드옥타서치코 중소기업 위기관리 지원 서비스 제공,0
1154, 대한항공 유상증자 일반공모 경쟁률 518대 1,0
1155, MG손보 자동차보험료 2%↑인상 확산될까 촉각,1
1156, 환경부 외교부 등과 재외공관에 녹색기술 적용키로,0
1157, 영하이커의 발을 잡아라 아웃도어 봄신 경쟁,0
1158, 쌍용차 인도중앙은행 마힌드라 감자 승인,0
1159, 전국민 고용보험 위한 국세청 전담조직 출범,0
1160, 더현대서울 찾은 성윤모 산업 장관 방역에 경각심 가져야,0
1161, 롯데칠성음료 비피도 지분 1.61% 취득,0
1162, 블랙야크 카이와 함께 한 BCC 컬렉션 화보,0
1163, 쿠팡 스톡옵션 6천570만주임직원 잭팟 기대감,1
1164, 한은 국내 자산가격 상승속도 상당히 빠른 편,0
1165, 저축銀 양극화 해소 위해 영업구역 규제 완화해야,0
1166, 워라밸 확산에 여가시간 늘고 여가만족도 개선,0
1167, 2월 외국인 증시 3조2천억원 유츌채권자금 역대 최대 유입,0
1168, 소득자료관리준비단 현판 제막식,0
1169, 국세청 소득자료관리준비단 출범,0
1170, 국세청 소득자료관리준비단 11일 출범,0
1171, 금융위 보험사 미성년자 소송 관련 공시의무 확대,0
1172, 한은 올해 수출 상고하저上高下低 양상 보일 것,0
1173, 패션뷰티업계 MZ세대 겨냥 명품 판매 전략 확산,0
1174, 인터뷰 안전에 타협은 없다 글로리아 초이 PNC 부사장,0
1175, 쿠팡 스톡옵션 6천570만주직원들 잭팟 터지나,1
1176, 대한항공 유상증자 일반공모 경쟁률 518.26대 1,0
1177, 이재용 삼성전자 부회장 또 프로포폴 투약 의혹,-1
1178, 농식품부 벤처창업 인턴제 시행활동비 115만원 지급,0
1179, 유안타증권 15일 금융센터평촌지점 이전,0
1180, 정유업계도 2050 탄소중립 노력 동참,0
1181, 성윤모 유통업계 코로나 방역 경각심 가져달라,0
1182, 한은 급격한 인플레 가능성 제한적가계대출 늘 것,0
1183, 곱창 창업 파워브랜드 군자대한곱창 연이은 신규 가맹점 오픈예정,1
1184, 베일 벗는 시티오씨엘 시티오씨엘 3단지 12일 모델하우스 열어,0
1185, 지난해 여가시간 늘었지만 신종질병 불안 급증,1
1186, SK이노베이션 감사위원회 사업 지속 불가능한 수준의 합의는 수용 불가,0
1187, 작년 보건산업 수출 역대 최고방역진단제품 실적에 훨훨,1
1188, 중부발전 국내 최초 풍력이용 그린수소 생산,0
1189, 들썩이는 물가금리한은 급격한 인플레이션 가능성 제한적,0
1190, SK바이오사이언스 후폭풍계좌 쪼개기 청약 제한된다,1
1191, 후쿠시마 원전 사고 10주년 탈행 촉구 거리 행진,0
1192, 간절한 소망 탈핵,0
1193, 롯데카드 구독경제 서비스 이벤트,0
1194, 종교환경회의 탈핵 촉구 거리 행진,0
1195, 美상장 쿠팡 앞날은경쟁 격화 속 몸집 계속 불린다,1
1196, 종교환경회의 탈핵 촉구 거리 행진,0
1197, 간절한 소망 탈핵,0
1198, 종교환경회의 탈핵 촉구 거리 행진,0
1199, 후쿠시마 핵발전소 사고 10주년 탈핵 행진 기자회견,0
1200, 동서식품 커피타고 쉬어가자 캠페인 진행,0
1201, 소니 컴팩트 풀프레임 시네마 라인 FX3 예약판매배터리 팩 등 증정,0
1202, 깜깜이 소득 없앨까국세청 일용직플랫폼 종사자 벌이 매달 수집한다,0
1203, 비즈브리핑Trend 식품업계 단종 제품 재출시 인기옛 추억 소환,1
1204, 공정위 이통 3사 휴대전화 할부수수료 담합 조사,0
1205, 미 SEC 스팩 주의보유명인만 보고 투자 말라,0
1206, 국세청 소득자료관리준비단 출범,0
1207, 국세청 실시간 소득파악 소득자료관리준비단 출범,0
1208, 실시간 소득파악 인프라 구축 위한 전담조직 가동,0
1209, 국세청 실시간 소득파악 인프라 구축 위한 소득자료관리준비단 출범,0
1210, 통화신용보고서장기금리 추이 주시필요시 대응,0
1211, 통화신용보고서인플레이션 가능성 평가해보니급격한 확대 없지만 가능성 배제 못해,1
1212, 작년 4분기 음식숙박 지출 5년 만에 20조 하회,0
1213, 확진 465명 사흘째 400명대고령층 AZ백신 접종,0
1214, 코로나의 긍정 효과 공기 좋아졌다 28%→38% 깜짝 상승,0
1215, 경찰 시흥시의원광명시 공무원 땅투기 수사 본격화,-1
1216, 오클리 여성 소비자 위한 봄맞이 아이웨어 3종 선보여,1
1217, 주식 석달째 팔아치운 외국인채권은 사상 최대 유입,0
1218, 한은 주요국 급격한 인플레이션 가능성은 제한적,0
1219, 신한은행 군인공제회와 목돈수탁대출 출시 업무협약 체결,1
1220, 한은 급격한 인플레이션 가능성 낮아...변수는 가계 빚,0
1221, 금리발작 없었다일단 잦아든 인플레 우려 증시에는 훈풍,-1
1222, 신도시 지정 직전 토지거래 급증정보 미리 샜나,1
1223, 가계대출 규모 1천조 원 돌파주택 관련 대출↑,1
1224, 택진이 형이 또 쏜다엔씨 연봉특별인센티브 1800만원 이상 지급,0
1225, 지난해 부동산주가 상승률 주요국 중 최고 주택공급 부족 등 영향,1
1226, 한은 주요국 급격한 인플레이션 가능성은 제한적,0
1227, 파멥신 미국 AACR 2021서 PMC309 전임상 결과 발표,0
1228, 이달 수출 162억달러 전년동기대비 25%↑,1
1229, LH發 형평성 민감도 증가 가계부채관리案 발등의 불,0
1230, 국내 원전 지진 등 대비장치 추가 수소폭발 가능성 없다,0
1231, 공모주 쓸어담기 막는다...금융당국 공모주 중복 청약 제한,1
1232, 코스피 2% 가까이 상승미국 추가 부양책연기금 매수세 영향,0
1233, 신도시 땅 투기 의혹 1차 조사 결과 오늘 발표,-1
1234, 삶의 질 통계 살펴보니 주택임대료비율아동학대안전사고사망률 지표도 악화,0
1235, 제약바이오협 바이넥스 사건은 결코 용납할 수 없는 범법행위,0
1236, 바이든 시대에도 중동 정세는 불안한중동 경협 강화해야,0
1237, 한은 올해 반도체 등 수출 큰 폭 증가상고하저,1
1238, 혁신기업 찾아 경영지원 현장 목소리 들어,0
1239, 똑같은 면접 질문에 다른 해석동아제약 성차별 논란 새 국면,-1
1240, 이달 들어 수출 25.2%↑수입은 더 늘어 무역수지는 악화,1
1241, 금융위 상호저축은행법 시행령 개정안 입법예고,0
1242, 엔씨도 IT업계 임금 인상 흐름 합류전 직원 연봉 1천만원 이상 올린다,0
1243, 한은 집값상승부채증가 금융시스템 리스크 가능성,0
1244, 2차 합동조사 착수...최대 10만명,0
1245, 반도체 등 올해 수출도 잘나가 상고하저 흐름..미중 갈등은 유의,0
1246, 집콕에 늘어난 주방용 세제 소비잘 닦이는 제품은,0
1247, 국세청 소득자료관리준비단 출범어떤 일 맡나,0
1248, 금융위 공모주 청약자들의 복수 청약 행위 제한한다,1
1249, 코로나19에 짓눌린 지난해 국민 삶의 질은 어땠나,0
1250, 국세청 소득자료관리준비단 출범실시간 소득자료 제공,0
1251, 폭행 제일약품갑질 진안 복지관 직장 내 괴롭힘도 심각,-1
1252, 워라밸 소득은 감소독거노인아동학대 증가세,1
1253, 신종질병 안전하지 않다 2년 새 10.1%p↑,1
1254, 아동학대 지속 증가 2019년 10만명당 381건,1
1255, 대기질 만족도 2년새 9.6%포인트↑ 코로나19 영향,1
1256, 주거질 개선됐지만 주택임대료 비율은 증가,1
1257, 1인당 국민총소득 전년比 0.1%↓ 3527.7만원,-1
1258, 코로나19 탓 고용률 감소 실업률 증가,1
1259, 중고생 열에 여섯은 학교생활에 만족,0
1260, LH 땅투기 수사의뢰 20명안팎관련 이익 몰수 추진,-1
1261, 캄캄하다 경제는 코로나발 불확실성 투성이,0
1262, 8만원 가득 휘발유 값 이젠 9만원도 넘어물가 오름세 커지나,0
1263,  World Exchange Now 인플레 우려에 대안투자 각광 비트코인 6500만원대로 뛰어,-1
1264, 이미 1000조 넘었는데한은 영끌 2030이 가계대출 늘려,0
1265, 조카의 난 금호석화 26일 주총 앞두고 경영권 분쟁 격화,0
1266, 에너지식료품發 물가 상승 커져..한은 급격한 인플레 제한적,0
1267, 30만원대 보급형 스마트폰 갤럭시A32 내일 국내 출시,1
1268, 외국인 지난달 한국 주식은 팔고 채권은 사상 최대로 샀다,0
1269, 여직원 폭행 제일약품 10명 중 1명 성폭력 피해임금체불직장내 괴롭힘도 만연,-1
1270, 농심 신제품 배홍동 비빔면 유재석 모델 기용 본격 홍보,1
1271, 주요국 집값 36% 오를 때 韓 10% 육박..공급 부족 때문,0
1272, 전국민 고용보험 본격화김대지 국세청장 실시간 소득파악,0
1273, 코로나19에사회안전 인식 개선 속 신종질병 불안 확대,1
1274, 원자재 슈퍼사이클 온다 철강해운車 기지개,0
1275, 글로벌 경제 회복단계 진입..장기 금리 더 오를 것,0
1276, 2025년부터 ESG 공시 의무화 소송 증가 등 리스크 대비해야,0
1277, 한은 20062020년 집값 상승 원인 71%는 우리나라 특수 요인,0
1278, 한은 수요 측면 물가상승압력 낮아완화적 통화 기조 유지,0
1279, 외국인 韓 채권시장서 지난달 90억 달러 가량 샀다..순유입 규모 확대,1
1280, 블링컨 北인권특사 지명 적극 공감,0
1281, 한은 급격한 인플레이션 확대 가능성 제한적,1
1282, 워라밸 먹고살기 팍팍하다 국민 삶의 질 살펴보니,0
1283, 7월부터 일용근로자보험모집인 월별 소득 파악...인프라 구축 위한 전담조직 가동,0
1284, 뒤늦게 토지보상제 손질 지역주민은 반발,0
1285, LG생건 퐁퐁이 세척 능력 가장 우수,1
1286, LH해체 수준 개혁하겠다지만 현실성 없어 선거用 의구심,0
1287, 곳곳에 정인이들아동학대자살 늘고 고용은 줄어,0
1288, G마켓배민야놀자 등 활용기업 74% 매출 절반이상 의존,0
1289, 삼천피 달성 동학개미 아니라 해외 유동성 유입 때문집값 상승 정책실패 탓한은 보고서,0
1290, 한은 인플레 확대 제한적... 펜트업 효과 등 예의주시해야,1
1291, 外人 국내 주식 28.6억달러 팔고 채권 89.9억달러 샀다,0
1292, 한은 韓투자자 주의보 경기 불확실성 높아 자산가격 변동성 확대,1
1293, 오픈 마켓 등 온라인 플랫폼 없으면 생존 어려워,1
1294, 일용직배달종사자 등 실시간 소득파악 나선다국세청 준비단 출범,0
1295, 소상공인 온라인 마켓 진출에 762억원 투입,1
1296, KT 스마트 그린키친 적용 공유주방 만든다,0
1297, 국민 삶의 질 독거노인아동학대 증가대기질 만족도는 개선,1
1298, 7월부터 일용근로자 보험모집인 등 매달 소득신고전국민 고용보험 위한 것,0
1299, 독거노인 159만명...열명 중 셋 위기시 도움받을 곳 없다,0
1300, 자살률 인구 10만명 당 26.9명 2017년 이후 증가,1
1301, 재외공관에 그린스마트 기술 적용국내기업 해외진출 지원,1
1302, 홈트 제품 인바디 체중계 확찐자 늘어나며 쿠팡에서 인기몰이,1
1303, 직원 65%가 괴롭힘 경험 제일약품진안군 장애인복지관 적발,-1
1304, 초등 교과 학습 완벽 연계 가능한 와이즈캠프 판다수학,0
1305, 차기 금융연구원장으로 박종규 선임연구위원 선출,0
1306, 재외공관에 그린스마트 기술 적용국내기업 해외진출 지원,1
1307, 21세기 말 국내 야생동식물 6% 소멸 위험 노출,0
1308, 통화신용보고서 코로나19 이후 회사채CP 2조5천억 매입,0
1309, 통화신용보고서 올해 수출 크게 회복상고하저 흐름,0
1310, 통화신용보고서 자산가격 급상승으로 금융불균형 우려,-1
1311, 아동학대 민감도 높아지고 주거안전 지표 나빠졌다,0
1312, 통화신용보고서 한은 장기금리 지속 상승에 필요시 대응,0
1313, 통화신용보고서 코로나19 이후 인플레이션 확대 우려,0
1314, 외국인 주식투자 석 달째 순유출 지속,0
1315, 생명보험사회공헌위원회 금융보험 장학생 1억7천만원 지원,0
1316, 주방용 세제 세척성능경제성 제품별 차이,0
1317, 지병 앓으며 일하다 폐렴으로 사망대법 업무상 재해,0
1318, 온라인플랫폼 입점기업 3곳 중 2곳 수수료 부담스럽다,1
1319, 게시판 중기부 판로확대 지원사업 참여기업 모집,1
1320, 2월 외국인 증시서 3.2조 빼가채권자금은 역대 최대 유입,0
1321, 한은 가계대출 증가세 당분간 이어질 것위험 유의해야,1
1322, 코로나에 대기질 만족도 개선 고용은 악화삶의 질 보고서,0
1323, 전국민 고용보험 대비 일용직플랫폼 종사자 소득파악 나선다,0
1324, 인플레 우려에 한은 급격한 인플레이션 가능성 제한적,-1
1325, 한은 올해 수출 상당폭 증가백신미중 갈등이 변수,1
1326, AI가 만든 창작물 누구 소유디지털 IP 기준 만든다,0
1327, 재외공관에 그린스마트 기술 적용국내기업 해외 진출 지원,1
1328, 자산 1조 넘는 저축은행 개인사업자에 60억까지 빌려줄 수 있다,0
1329, 재외공관에 국내 그린스마트 기술 적용해외진출 발판,1
1330, 물가 상승금리 들썩한은 급격한 인플레이션은 제한적,0
1331, 고령층 5명 중 1명은 독거노인자살률고립도↑,1
1332, 금융당국 보험사 소송현황 공시 확대...소액단기보험 기간 1년,0
1333, 생보사회공헌위 금융보험 전공 대학생에 장학금 준다,0
1334, 한은 완화적 통화정책 유지금융불균형 위험은 경계,0
1335, 직장인 월급 男 368만 女 237만수도권 주거비 부담 3년째↑,1
1336, 국세청 소득자료관리준비단 출범전 국민 고용보험 속도,0
1337, 코로나 이후 집값주가 상승한국 더 가파르게 뛰었다,0
1338, 아동학대 10년 새 5배 넘게 늘었다국가청렴도 OECD 하위권,0
1339, 성폭행 제일약품 등 성희롱임금체불 20건 확인,0
1340, 지금처럼 온실가스 배출시엔 국내생물 6% 멸종,1
1341, 국세청 소득자료관리준비단 출범보험모집인일용직 소득 매달 수집,0
1342, 베이킹소다 함유 주방세제 가격 최대 2.8배 차이나,0
1343, 2월 외국인투자자 주식 28억달러 팔아차익 실현 매도,0
1344, 더 팍팍해진 국민 삶소득 대비 임대료 늘고 고용률 뚝,0
1345, 행안부 스마트폰으로 발급제출 가능한 전자증명서 연내 300종으로 확대,1
1346, 전국민 고용보험 첫발 소득자료관리준비단 발족,0
1347, 코로나로 어려운 소상공인 온라인 판매 도와드려요,0
1348, 배민야놀자 없으면 장사 못하는데수수료 좀 내려주세요,0
1349, 한은 물가 크게 안 오른다저금리 유지 예고,0
1350, 100만원 벌면 16만원 집세일자리월급 줄고 집세는 늘었다,0
1351, 한국금융연구원 새 원장에 박종규 선임연구위원,0
1352, 5월말부터 공모주 중복청약 금지우리사주 20% 의무배정도 개선,1
1353, 직원 성폭행 의혹 제약회사 노동법 위반도15억원 체불,-1
1354, 中企 10곳 중 8곳 온라인 수수료 인하 희망정부 역할 필요,0
1355, 전 국민 고용보험 확대 컨트롤타워 소득자료관리준비단 첫발,1
1356, 국민 절반 이상 신종질병 불안 코로나로 10%p 급증,1
1357, 아동학대 8년만에 22배 급증10만명당 17.7건→381건,1
1358, 한은 당분간 주택가격 증가주택대출 증가세도 이어질 것,1
1359, 중기부 소상공인 온라인화에 762억 투입교육컨설팅 등 맞춤형 지원,0
1360, 국민 10명 중 4명 이상 내집 있어도 거기 안살아요,0
1361, 2019년 1인당 국민총소득 3528만원11년 만에 감소,0
1362, 직장인 월급 299만원 제자리인데코로나 고용불안은↑,1
1363, 한국 주식 비싸다지난달 외국인 28.6억달러 주식 순매도,0
1364, 우리기업 해외 상장 불가피차등의결권제 도입 서둘러야,1
1365, 전경련 기업의 ESG 공시역량 강화 소송 폭증 대비해야종합,-1
1366, 꾼의 시선으로 경제를 보다.. 경제전쟁 꾼 이번엔 2.4부동산공급대책을 파헤친다,0
1367, MG손해보험 車보험료 2% 인상,0
1368, 고비 넘긴 쌍용차 P플랜 공은 다시 HAAH로산은 지원도 관건,0
1369, 인사말 하는 원영희 한국소비자단체협의회장,0
1370, 지난해 은행권 퇴직금 1.3조 원 기록역대 최대,0
1371, 아시아나항공  통합 방역 프로그램 아시아나 케어 플러스 시행,0
1372, SK텔레콤 동반성장 CEO 포럼 개최협력사와 ESG 경영활동 가속,0
1373, 인사말 하는 원영희 한국소비자단체협의회장,0
1374, 정의당 경남도당 경남도에 공직자 투기의혹 전수조사 촉구,-1
1375, 인사하는 김강립 식약처장,0
1376, 넷마블엔씨 6년 만에 혈맹 종료앞으론 사업협력만,0
1377, 박수치는 김강립 식약처장,0
1378, 소비자단체식약처 간담회,0
1379, 인사하는 원영희 한국소비자단체협의회장,0
1380, 소비자단체식약처 간담회,0
1381, 인사말 하는 김강립 식약처장,0
1382, 국토부 부산김해우이신설 등 무인운전 경전철 특별 안전 점검,0
1383, 인사말 하는 김강립 식약처장,0
1384, 김강립 식약처장 소비자단체 간담회 인사말,0
1385, 대한항공 송현동 부지매각 합의식 연기LH 투기 논란 영향,-1
1386, 인사하는 식약처장소비자단체회장,0
1387, 김강립 식약처장 소비자단체 간담회 인사말,0
1388, 국내 원전 안전성여부 전국민 큰 관심에너지정책 脫원전방향 전환 계기로,0
1389, 코로나 시장쇼크 탈출 금융시장 지원 거두는 韓銀종합2보,0
1390, 엔씨소프트 연봉 인상 경쟁 합류전 임직원 1000만 원 이상 인상,0
1391, 한전 전남 나주 강소특구 비전선포식,0
1392, 후쿠시마 원전사고 10주년시민사회 탈핵 적극 나서야,0
1393, 공정위 이통 3사 휴대폰 할부수수료 담합 의혹 조사업계 담합 아냐,-1
1394, 햇반 오뚜기밥 때 아닌 첨가물 논란하림의 도발,-1
1395, 경남소식 시내농어촌버스 안전장치 합동 안전점검,0
1396, 신한금융플러스 소비자보호 완전판매 선포식,0
1397, 국민주 삼성전자 4년 새 소액주주 30배 늘었다,0
1398, 코로나로 인한 농어민 피해 4700억원재난지원금엔 반영 안 돼,-1
1399, 어떤 간 큰 공무원이 자기 이름으로 부동산 투기하겠나,0
1400, 검찰 일동제약 압수수색윤웅섭 대표 겨냥,0
1401, 함양산삼항노화엑스포 공식 인정상품에 하미앙 와인,0
1402, 박철완 이사회 경영진 견제 실패금호리조트 인수 중단해야종합,-1
1403, 자체조사 못 믿어대구 경실련 땅 투기 제보창구 개설,0
1404, 삼성전자 Neo QLED TV 업계 최초 독일 VDE 아이 케어 인증,0
1405, HYK 가처분 신청 취하조현민 한진 부사장 사내이사 무산,0
1406, 후쿠시마 원전 3호기 건물 내 수위 상승도쿄전력 조사 중,0
1407, 호텔신라 사상 최대적자라는데이부진 사장 연봉 17억원 급등 왜,1
1408, 이재용 구속 상태서 부당 합병 의혹 재판 재개,-1
1409, 쌍용건설 경력사원 20명 채용,0
1410, 5거래일 연속 하락한 코스피 3000선 회복 비트코인은 훨훨,-1
1411, 페이스북 안보 우려에 미홍콩 광통신망 연결 사업 취소,-1
1412, 스마트 소상공인 키운다소진공 스마트상점 기술 보유기업 모집,0
1413, 투기 광풍 계양지구크든 작든 땅 내놓는 족족 팔렸어요,0
1414, 오늘 LH 투기 1차 조사 발표여당 이익 5배까지 환수,0
1415, SK바이오사이언스 청약에 64조 몰렸다1주도 못 받는 사람 30만 넘어,1
1416, 이통3사 단말기 할부 금리 5.9% 유지공정위 담합의혹 조사,-1
1417, 출시 앞둔 현대차 고급 크루저 스타리아 우주선 영감 받아 설계,1
1418, 롯데호텔 유료 멤버십 트레비클럽 리뉴얼 론칭,0
1419, 전기차 붐에 리튬 혼합물 가격 올해 들어 68% 급등,1
1420, 금융위 자산 1조 이상 저축은행 건전성 규제 강화과도대출 관리,0
1421, 네이버 새 음원 사용료 정산 체계 도입 1년 만에 가입자 20%↑,1
1422, 투기 의혹 엄중 문책하겠다 고개 숙인 LH 대경본부장,-1
1423, 오늘 美데뷔 쿠팡 공모가 35달러 확정기업가치 72조원,1
1424, 코스피코스닥 동반 상승美 부양책 통과에 다우 최고치,1
1425, 쿠팡 뉴욕증시 공모가 35달러5조 원 자금 조달 전망,0
1426, 조희연 교육감 코로나19 확산으로 위축된 화훼 소비촉진 행사 참여,0
1427, 두산건설 삼척 센트럴 두산위브 견본주택 12일 개관,0
1428, 서울 1차 백신 접종 7만2천여명대상자의 52.7%,0
1429, 창원밀양함안상의 창원산업선 철도 공동건의,0
1430, 안성 공판장 집단감염 영향 마장동 축산물시장 선제검사,0
1431, 특허청 특허심사시스템에 AI 도입법제도 정비,0
1432, 일본 긴급사태 해제 후 외국인 프로선수 입국 허용 검토,0
1433, 충남 화력발전소 단계적 폐쇄 후 고용안정신산업육성 협력,0
1434, Sh수협카드 SK플래닛과 손잡고 OK캐쉬백 4만 포인트 지급 이벤트,0
1435, 옥천 농민단체 우리에게도 재난지원금 지급하라,0
1436, 한국은행 사상 최대 순이익...삼성전자 이어 법인세 납부 2위,0
1437, 통신 3사 10년간 단말기 할부수수료 5.2조원 소비자 부당 전가,-1
1438, 배민 김봉진 사재 털어 주식격려금 1000억 쏜다,0
1439, 배달의 민족 김봉진 직원라이더들에게 1000억 쏜다,0
1440, 롯데칠성음료 마이크로바이옴 기업 비피도 지분 1.61% 투자,0
1441, 반도건설 친환경준불연 단열재 기술 업무협약 체결,1
1442, 태안 앞바다 주꾸미 풍어,0
1443, 현대중공업 한국형 경항공모함 개념설계 공유,0
1444, DGFEZ 수성의료지구 외투기업 유치,1
1445, 연기금 매수에 코스피 2%↑50일만에 순매수세로 돌아서나,1
1446, 경북 안동 예천충북 영동 산불피해지에 복구 추진,-1
1447, 코트라 스타트업 아마존 입점 돕는다,1
1448, 태안 앞바다 주꾸미 풍어,0
1449, 페이스북 연방주정부 반독점소송 기각해달라 법원에 요청,-1
1450, 코스피 네마녀의 날에도 3000선 회복,0
1451, 코로나19 충격 新산업 新인재로 돌파한다ABC 인재 양성 프로그램 가동 로봇 서비스 플랫폼도 개발중,1
1452, 코로나19 충격 新산업 新인재로 돌파한다화이트 바이오 年5000t 생산라인 구축 친환경 원료산업 선도,1
1453, 흥국생명 금융소비자보호 실천 결의대회 개최,0
1454, 제 주식 드립니다 배민 김봉진 직원에게 1000억원대 주식 지급,0
1455, 이성희 농협회장 대륙별 지원 프로젝트 글로벌 협력 도모,0
1456, 진도 특산품 전문 매장 진도 명품관 새 단장 재개관,0
1457, 할리스 딸기 음료 구매 크라운 3개 적립 이벤트,0
1458, SK텔레콤 공인전자문서중계 자격 획득공공  민간 서비스에 ESG 가치 높일 계획,0
1459, 프리미엄 데이팅 앱 골드스푼 라이프스타일 최고 매출 1위 달성,1
1460, 현대중공업 한국형 경항공모함 개념설계 설명회 개최,0
1461, LH직원 판사와 동급세태풍자 新직업등급표 등장,0
1462, 뉴스포커스 확진 465명 사흘째 400명대고령층 AZ백신 접종,0
1463, LG하우시스 자동차 시트 원단 2종 유럽품질인증 최고등급,1
1464, LH 직원들 3기 신도시 부동산 원정 투기 의혹경찰 내사,-1
1465, 소규모 여행객에 맞춤형 가이드서천 관광택시 14대 운행 시작,0
1466, 배민 김봉진 전직원에 1000억원대 격려금라이더분들께 감사,0
1467, CJ칼라일 뚜레쥬르 매각 끝내 무산왜,-1
1468, 교보생명 광화문글판 대학생 에세이 공모전,0
1469, 포스트코로나 시대 경제회복 지식재산으로 앞당긴다,0
1470, 엠디뮨 ExonanoRNA와 약물전달 표적화 공동연구,0
1471, 강진군 로컬푸드 직매장 1∼2월 매출 7억 돌파,1
1472, 서울시 9월부터 민간 공사장도 노후 건설기계 퇴출,-1
1473, 완도군 노화보길도 권역 가뭄 식수대책 마련 현장 행보,0
1474, 엔씨소프트 전 임직원 1천만원 이상 연봉 인상,0
1475, 특고 마스크 지원 10만원 더 줘야추경액 커지는데 재정준칙은 제자리,0
1476, 게시판 하이트진로 스마트팜 솔루션기업 퍼밋에 투자,0
1477, LH 직원 추정 게시물 논란에 법적 대응 예고 이어 계정 삭제 요청,-1
1478, 제주 로컬브랜드 지원 사업 참여기업 모집,0
1479, 돼지국밥 20초만에 흡입장관님의 하정우급 먹방,0
1480, 명지병원 정부 지정 치매 뇌은행 선정,0
1481, 인천항 내항의 새 모습 제안해 주세요,-1
1482, 남극 물범의 육아일기극지硏 물범 생후 4년간 모습 공개,0
1483, 표준협회 대구시와 코로나 위기 대응 품질향상 지원사업 추진,0
1484, 포스코케미칼 디딤씨앗통장으로 지역 청소년 후원 시작,0
1485, 배민 김봉진 사재 털어 직원라이더에 1000억 쏜다,0
1486, 현대차 훌쩍쿠팡 공모가 35달러 기업 가치 72조원종합,0
1487, 연일 인파 더현대 서울 간 산업장관 방역 느슨해지면 모두 물거품,-1
1488, 증시 주춤한 사이비트코인 다시 6500만원 돌파,1
1489, 오늘밤 상장 쿠팡 공모가 35달러 확정기업가치는 72조원,1
1490, 코스피 장 초반 1%대 상승3000선 회복,0
1491, 수출은 고공행진 지속 3월 1∼10일 수출 25.2%↑,1
1492, 광명시흥시 자체조사 발표에 시민반응 냉소적,0
1493, 공정위 이통 3사 휴대폰 할부금리 담합 의혹 조사 착수,-1
1494, 주강원수출 올해 미국호주 150만 달러 김치 수출,0
1495, 게시판 소진공 스마트상점 기술 보유기업 모집,0
1496, 아시아나항공 코로나19 통합 방역 ASIANA Care 실시,0
1497, 산업시설 신재생에너지에 1500억원 금융지원비태양광까지 지원 확대,1
1498, 신한금융대한산악연맹 클라이밍 국가대표팀 공식 후원 계약 체결,1
1499, 금융위 가계대출 급증 저축銀 건전성 규제 강화 필요,1
1500, 전기안전관리 유공자 후보 공모내달 22일까지 접수,0
1501, 강원도 영세 사업장 근로자 사회보험료 지원,0
1502, GC녹십자랩셀 검체 분석 서비스 자회사 국제 표준 획득,0
1503, 안동예천영동 동시다발 산불 피해면적 494㏊50억원 피해,-1
1504, 알리바바 다음 최대어된 쿠팡공모가 주당 35달러,0
1505, 무인경전철 위기 대응 매뉴얼 보완,0
1506, 내가 받는 스트레스 누군가에게는 비즈니스  이형석의 미러링과 모델링,0
1507, 코스피 장중 3000선 회복외국인 순매수가 견인,0
1508, 이데일리N ESG 역행시 투자 수익 어려워 外,0
1509, 통상법으로 접근하는 탄소국경세 기후위기 통상규범서 살펴야,0
1510, 성윤모 장관 유통업계 코로나 방역 각별한 경각심 가져달라,0
1511, 다이소 설레는 봄의 정원을 담아 2021 봄봄시리즈 Part2출시,1
1512, 인사말 하는 권태신 부회장,0
1513, ESG 글로벌 공시 평가 및 법적 쟁점 세미나,0
1514, 게시판 두산인프라코어 건설기계 미니어처 일반 판매,0
1515, 강원 교통망 완성 여부 이르면 다음 달 판가름,0
1516, 발표하는 김정남 삼정KPMG 상무,0
1517, ESG 글로벌 공시 평가 및 법적 쟁점 세미나,0
1518, KPC 2021 CEO 북클럽 운영,0
1519, 정유업계도 탄소중립 동참시설투자 지원을,0
1520, 탄소중립 실현에 필요한 이산화탄소 대규모 저장소 확보 시급,0
1521, 물러짐부패 억제 기술 수출 도우미 역할 톡톡,0
1522, 성윤모 산업부 장관 봄철 대비 대형 유통매장 방역점검,0
1523, 무협 지역 강소기업 수출 지원 위한 영상상담회 열어,0
1524, KOTRA 아마존 스타트업 셀러 키운다로켓스타트 실시,0
1525, 韓 첫 수출 원전 UAE 바라카 1호기 이달 상업운전 개시,0
1526, 산업부 통상법포럼 열어 탄소국경세 대응방안 논의,0
1527, 발표하는 김정남 삼정KPMG 상무,0
1528, 정유업계도 2050 탄소 중립 동참,0
1529, 팬데믹 선언 1년성윤모 장관 더현대서울서 방역 강화,0
1530, 유휴중고기기 거래대행 서비스 업사이클 공작기계부터 식품기계까지 안전한 직거래 지원,0
1531, MA;꾼들의 톱픽 스포트라이트 받는 한온시스템 PEF 엑시트 시기 도래했나,0
1532, 2021업무계획올해 IP담보대출 지방은행까지 확대된다,1
1533, 농식품 벤처 창업 인턴으로 시작하세요우수 인턴에 사업화자금 지원,1
1534, 정유업계 탄소중립協 출범차세대 바이오연료 개발 민관 TF 구성,0
1535, 3월 14일은 백설기데이농식품부 카톡 이모티콘으로 홍보,0
1536, 한전 전남나주 강소특구 5년간 350억 투자,0
1537, 인천 시티오씨엘 첫 분양모델하우스 12일 개관,0
1538, 올해 농식품 벤처창업 인턴제 지원 늘리고 대상 확대,1
1539, 해수부 연도거문도 여객항로 지원,0
1540, 산업부 제1차 통상법포럼 개최,0
1541, 삼성전자 보급형 갤럭시 A32 12일 출시,1
1542, 농식품부 봄철 영농 대비 전국 농기계 순회수리봉사 실시,1
1543, 농식품 벤처창업 인턴 모집...활동비 월105만→115만원 인상,0
1544, 인천항 내항 항만재개발 사업시행자 선정 추진,0
1545, 농식품부 3월14일 백설기데이 SNS 인증이벤트 진행,0
1546, 4차 재난지원금 주는데아직도 2차 지원금 5천억 남았다,0
1547, 올해 농식품 벤처창업 인턴제 혜택 확대,1
1548, 한전 나주 강소특구 비전 선포기술 사업화 선도,-1
1549, 코트라 국내 새싹기업 아마존 입점 돕는다,1
1550, LG하우시스 자동차 시트 원단 2종 유럽품질인증 최고등급,1
1551, 삼성전자 갤럭시 A32 12일 출시,1
1552, 삼성 갤럭시 A32 12일 출시,1
1553, 출시 앞둔 삼성 갤럭시 A32,1
1554, 배민 번쩍배달 탓에 기사 수입 줄고 노동시간 늘어,0
1555, 출시 앞둔 삼성 갤럭시 A32,1
1556, 삼성 갤럭시 A32 12일 출시,1
1557, 3월 14일 사탕 대신 백설기로 마음 전해요,0
1558, CJ대한통운 일부 대리점 분류인력 미투입합의 불이행,0
1559, 농식품 분야 예비창업자 50명에게 현장실습 기회 제공,0
1560, 봄철 영농기 앞두고 전국 농기계 순회 무상 수리,0
1561, 전국 아파트 입주율 지난달 89%2017년 조사 이래 최고,1
1562, 정유업계 2050 탄소중립 동참 첫걸음어렵지만 노력,0
1563, 산업장관 더현대서울 찾아 방역 점검경각심 가져야,0
1564, 해수부 연안여객항로 안정화 연도거문도 항로 선정,0
1565, 더현대서울 찾은 산업장관 방역 느슨해지면 노력 물거품,-1
1566, 해수부 인천항 18부두 항만재개발 시행자 선정 추진,0
1567, 정유업계 탄소중립 2050 힘 보탠다기술개발 지원 필요,0
1568, 국토부 무인운전 경전철 위기대응 특별점검매뉴얼 정비,0
1569, 탄소국경세 보호무역 수단 될지도통상 전문가 머리 맞대,0
1570, 거문도↔여수↔연도 여객선 적자 나라가 책임진다,0
1571, 여수연도거문여수 항로 국비 지원도서민 교통편의↑,1
1572, 산업부 통상법포럼 개최탄소국경세 쟁점 분석대비 필요성 논의,0
1573, 성윤모 유통업 국민 생활과 직결방역수칙 철저 이행 당부,0
1574, 정유업계 탄소중립協 첫 회의차세대 바이오연료 도입 등 논의,0
1575, 장기금리 상승기대보다 걱정 앞서는 금융권,0
1576, 단독 오리온 중국 넘어 미국 공략한다첫 법인 설립,0
1577, WSJ 쿠팡 공모가 35달러 알리바바 이후 외국계 최대어,0
1578, 주유소에서 전기차 충전한다 기아 GS칼텍스와 초급속 충전 인프라 확대 협력,1
1579, 매드포갈릭 봄 시즌 신메뉴 출시,1
1580, 휴대폰 할부수수료 담합 공정위 이동통신 3사 조사 착수,0
1581, 세종 부장판사 출신 변호사 4인 영입 송무 전문성 강화,0
1582, ESG 글로벌 공시 평가 및 법적 쟁점 세미나,0
1583, 중소기업의 판로장벽 마케팅지원사업으로 해결,1
1584, 주강원수출 올해 미국호주 150만 달러 김치 수출,0
1585, 카카오뱅크 오픈뱅킹 서비스 저축은행증권사상호금융사로 확장,1
1586, 대우건설 매각설에 KDBI 제안받은 바 없다,-1
1587, 동일본대지진 10주년 日 담화 식품 수입규제 철폐 노력,0
1588, 배민 봉진이 형 주식 1000억 쏜다라이더도 최대 500만원,0
1589, 전주시 옛 대한방직 터 개발 공론화위 권고문 ㈜자광에 전달,0
1590, 단독세종산단 벌집 옆 야산 지주만 766명... 2살 유아도 땅주인,0
1591, 올댓차이나 중국 증시 상승 출발상하이지수 0.36%↑,1
1592, 제약바이오협 바이넥스 진상조사복제약 난립 방지 제도화,0
1593, 삼척지역 도시재생사업 3곳 잇따라 추진,0
1594, 프라다 아시아에서 판매 증가온라인 매출 급등,1
1595, MG손해보험 개인용 차보험 2% 인상손해율 따른 조정종합,0
1596, 한은 이달 말 대출 적격담보증권 확대 조치 종료,1
1597, 그래프로 보는 세계 올해 세계 경제 팬데믹 전으로 원위치,0
1598, 대전시 코로나19 위기 속 창업기업을 스타기업으로,0
1599, 당신들도 똑같잖아LH 직원들 이번엔 비판에 물타기,0
1600, 새해에도 위임통치김정은 현지지도 없고 간부들이 대행,0
1601, 게시판 홈앤쇼핑 중소기업 협력사 60곳과 성과 공유,0
1602, 구리는 구리색  표면 녹 두께 조절하니 360가지 총천연색,0
1603, 김슬아 컬리 대표 세계경제포럼 영 글로벌 리더 선정,0
1604, TIPA 2021년 한국에서 가장 존경받는 기관′선정,0
1605, 충남 아산논산시 산림복지공간 조성 전국 으뜸,0
1606, 충남도 고용 안정에너지산업 육성 속도,0
1607, 롯데백화점 스위스 공기청정기 아이큐에어 팝업매장 오픈,1
1608, ESG 공시 글로벌 동향과 우리기업 대응방향은,0
1609, 프레스티지바이오 화려한 데뷔상장 첫날 20%대 급등,1
1610, 한은 대출 적격담보증권 확대 조치 오는 31일 종료,1
1611, 홈앤쇼핑 중소협력사 성과공유제 시행..총 6억원 지급,0
1612, 코인원 상반기 전직군 채용,0
1613, 그래픽뉴스은행 가계대출 1천조 원 돌파,1
1614, 부산 한우 명가 사미헌 양념갈비 포장 최초 할인 이벤트 진행,0
1615, 검경 LH 수사 핫라인 만든다영장전담 검사도 지정,-1
1616, 남극 물범 출산부터 육아까지극지연구소 4년 관찰 기록 공개,0
1617, ESG 공시 글로벌 동향과 우리기업 대응방향 주제 발표하는 김정남 상무,0
1618, ESG 글로벌 공시 평가 및 법적 쟁점 세미나,0
1619, 우리은행 우리Oh5클릭대출 비대면 대출상품 출시,1
1620, 스타렉스 후속카니발 대항마현대차 스타리아 티저 공개,0
1621, 24대책에 직격탄 연립빌라 거래 그나마도 신축강남 쏠림 부동산360,-1
1622, 파리바게뜨 홈데이트를 위한 화이트데이 선물 출시,1
1623, ESG 글로벌 공시 평가 및 법적 쟁점 세미나,0
1624, 핫이슈 키워드 1차 전수조사 결과 발표LH 해체론문 대통령 딸 주택 시세차익국회의원 투기 의혹윤석열,-1
1625, 온라인 명품 구매 인기에머스트잇 지난해 거래액 2500억 원 달성,1
1626, 배민 직원라이더에 총 1000억원 김봉진 또 통크게 쏜다,0
1627, 애플 내년 독일 뮌헨에 새 반도체 연구센터 개설,0
1628, 이슈앤 직설 투기 의혹 1주일 만에 LH 압수수색반쪽수사 논란↑,0
1629, SGA솔루션즈 비대면 서비스 바우처 사업 공급기업으로 선정,0
1630, 취임 100일 김재천 AK플라자 대표 라이브 방송으로 직원과 소통,0
1631, 집값 원상회복하라 정부 부동산 정책 불만 표출 버스광고 등장,-1
1632, 오리온 미국중국서 꼬북칩 초코츄러스맛 판매,0
1633, 대학 보유 기술 상용화개방형 연구실 공모,0
1634, 보령시 자동차튜닝 생태계 조성사업 탄력중앙투자심사 통과,0
1635, 도로공사 김진숙 사장 어린이 교통안전 릴레이 챌린지 동참,0
1636, 신규 직주일체 지식산업센터 현대 테라타워 영통 이목 집중,1
1637, 전기자 임차료 지원 청춘 드림카 참여자 모집,0
1638, 명품 매장가에 웬 대형 유통체인 시카고 뜨거운 찬반 논란,-1
1639, 포스코케미칼 지역 청소년 100명에 연간 6천만원 후원,0
1640, 김슬아 컬리 대표 2021 영 글로벌 리더 선정,0
1641, 3월 110일 수출 작년보다 25.2% 늘어,0
1642, 한은 한시적 대출 적격담보증권 확대 운용 종료,1
1643, 롯데홈쇼핑 녹지 조성사업 위해 4억 상당 물품 기부,0
1644, 디월트 도시재생 집수리 교육에 공구 후원,0
1645, 증시신상품 현대운용 에임시그니처EMP펀드 환헤지형,1
1646, 조선업 생산혁신 위한 스마트야드 전문인력 양성,0
1647, 박철완 경영진이 경영권 남용금호리조트 인수 중단해야,-1
1648, 유동성 위기 없다 한은 코로나 충격 시장 대응조치 끝낸다,0
1649, 월스트리트저널 쿠팡 공모가 35달러 책정기업가치 72조원,0
1650, 韓이란 경협 재개 준비해야한국판 뉴딜 중동과 육성하자,0
1651, 충주시 2030년까지 천만 그루 나무심기 추진,0
1652, 교보생명 31일까지 2021 광화문글판 대학생 에세이 공모전 진행,0
1653, 광주 산정지구 공무원 투기성 거래 의혹 무성,-1
1654, 속보대검국수본 LH 땅투기 수사 핫라인 둔다,-1
1655, 가비아 고성능 GPU 서버 출시,1
1656, 게임 플랫폼 로블록스 뉴욕증시 데뷔시총 50조원 돌파,1
1657, 전현희 LH사태로 이해충돌방지법 제정 시대적 과제 확인,0
1658, 배민 김봉진 의장 사재 털어 직원라이더에 주식 1천억 준다,0
1659, 비트코인 6500만원대 재돌파신고점 넘을까,1
1660, 한은 대출 적격담보증권 확대 종료,1
1661, 강재선 교수 강황 속 커큐민 생체이용률 3670배 개선 성공,0
1662, 한은 12년만에 도입한 특수은행채 단순매입 조치 종료 상보,0
1663, 치킨플러스 방글라데시 기업과 마스터프랜차이즈 협력 MOU,1
1664, 한은 금통위 대출 적격담보증권 확대 조치 31일 종료,1
1665, 코스피 장중 3000선 회복외인연기금 순매수,0
1666, 한국지엠 창원 도장공장 준공식차세대 글로벌 신차 생산,0
1667, 괴산군 농림축산식품사업 정부예산 확보한다53개 1292억 규모,0
1668, 보드람치킨 소자본 배달형 특화 매장 확대,1
1669, 소상공인 제로페이 전국 가맹점 80만 개 돌파,1
1670, 부고 조태원씨 별세 선재규씨 부친상 차정준씨 장모상,0
1671, 부고 권태호씨 부친상 박경훈씨 모친상 정회준씨 별세,0
1672, 높은 미래가치 품은 삼척 삼척 센트럴 두산위브 12일 견본주택 개관,0
1673, 인사 마크로젠 충북도 보건복지부,0
1674, TS샴푸 TS트릴리온 ESG 경영 원년 선언,0
1675, IBS 구리 표면 산화 제어로 다양한 색상 구현...360가지 총천연색 보여,0
1676, 루닛 AI로 암 환자 치료반응 예측 정확도 92.4%,0
1677, 프리랜서 87% 부당행위 경험42% 그냥 참는다,-1
1678, 한은 한시적 대출 적격담보증권 확대 운용 이달 말 종료,1
1679, MG손해보험 개인용 차보험 2% 인상손해율 따른 조정,0
1680, 워런 버핏 주가 상승에 재산 114조원 이상 늘어,0
1681, 기아 GS칼텍스 주유소에 초급속 충전기 설치 투자 협약,0
1682, 현대차 프리미엄 크루저 스타리아 티저 이미지 공개,0
1683, LG디스플레이 현대제철 현대모비스 등 신입사원 모집,0
1684, 광주세관 공익관세사 활용 중기 수출 지원,0
1685, 제주도 영어교육도시 활기 꾸준 대원 칸타빌 제주에듀 분양,0
1686, 연말정산 때 놓친 공제 11일부터 경정청구 가능,0
1687, 일본 맥주 수입 5개월 연속 증가불매운동 느슨해진 사이 판촉 행사 등 영향,0
1688, 집콕 문화 확산에 식기세척기 날았다지난해 수출액 사상 최대,0
1689, SM상선 두달만에 작년 영업익 72% 달성IPO 박차,0
1690, 한은 이달 말 한시적 대출 적격담보증권 확대 조치 종료,1
1691, 장사 접을 정도인데 옆집은 대박 쳤다코로나 피해 들쭉날쭉,0
1692, 뱅앤올룹슨 베오비전 하모니 88형 출시,1
1693, 뱅앤올룹슨 8K OLED TV 베오비전 하모니 88형 출시,1
1694, 안 볼 때는 스피커로 뱅앤올룹슨 베오비전 하모니 88형 출시,1
1695, 협력사에 6억 지원홈앤쇼핑 올해도 상생 ON,0
1696, 안 볼 때는 접어두세요 뱅앤올룹슨 베오비전 하모니 88형 출시,1
1697, KB증권 리서치센터 성장성 토대로 기업분석부 팀 재편,0
1698, 한은 금통위 오는 31일 대출 적격담보증권 확대 조치 종료,1
1699, 롯데건설 부산 롯데캐슬 드메르 견본전시관 개관,0
1700, 작년 전세계 전기차 판매 44% 증가테슬라 1위현대차 4위,1
1701, 이마트24 PB라면 해외서 인정美 수출 35만 개 쾌거,0
1702, 현대엔지니어링 광주시 광천동 힐스테이트 광천 분양 나서,0
1703, 올리브영 스마트 반품 서비스 전국 매장으로 확대,1
1704, 비대면 식사로 딱버거의 약진,0
1705, CU 일회용 컵 대신 텀블러 사용하면 커피 200원 할인,0
1706, 폐기물매립장 신설 추진에 경주 안강읍민 찬반 갈려,0
1707, 배민 김봉진 사재털어 직원에게 주식 쏜다라이더에게도 격려금 지급,0
1708, WSJ 쿠팡 공모가 35달러기업가치 72조원땐 국내 3위,0
1709, 속보한은 특수은행채 단순매입 조치 3월말 종료,0
1710, 비트코인 19일 만에 6500만원대 상승,0
1711, LH 블라인드 작성자 확인 안 돼 허위사실 유포 법적 조치,-1
1712, 유동원의 투자전략 증시 폭락한다고지금이 대세하락장 아닌 이유,0
1713, 증시에 몰리는 미국 개미로빈후드 2월 앱 다운로드 55%↑,1
1714, 고병원성 AI 다시 번지나나주충주 농장 2곳 의심신고,0
1715, SPC 던킨 인기게임 어몽 어스와 협업...한정 굿즈 출시,1
1716, 청호나이스 자가관리 정수기 셀프 등  굿 디자인 어워드 우수디자인 선정,1
1717, 버핏 주가 급등으로 개인재산 약 114조원으로 급증,1
1718, 보령 방조제 3곳 개보수 지구로 선정국도비 146억 확보,0
1719, 3월 110일 수출 25.2% 증가5개월 연속 증가 청신호,1
1720, 친절한 경제 학교 못 가는 아이들점점 커지는 집콕 부작용,0
1721, 다음 주 150개 상장사 정기주총삼성전자 17일,1
1722, SPC 던킨  인기 게임 어몽어스협업 굿즈 한정판 출시,1
1723, 코스피 오전 10시 1.04%↑ 2980선외국인연기금 순매수,1
1724, 농협 국제협동조합농업기구 집행위원회 개최,0
1725, 아우디 더 뉴 A5 스포트백 40 TFSI 콰트로 출시,1
1726, 기업 수시채용 확대에 일자리 불안감 크다,1
1727, 오리온 꼬북칩 초코츄러스맛 글로벌 판매 개시,0
1728, 3월초 수출 25.2% 증가일평균도 25.2% 늘어,1
1729, LH 투기폭탄 터질까 민심 더 불지를까1차조사 오후 발표,0
1730, 와퍼값 오른다 버거킹 내일12일부터 가격 인상,0
1731, 미래엔 초등 골프 유망주 2021 미래누리Q 골프단 후원,1
1732, 굽네 듀먼 케이펫페어 세텍 참여.. 자연화식 증정 이벤트,0
1733, 삼성 네오 QLED 아이 케어 인증 획득TV 업계 최초,0
1734, WSJ 쿠팡 공모가 35달러 책정기업가치 72조원종합,0
1735, 확진 465명 사흘째 400명대고령층 AZ백신 접종,0
1736, 명륜정육식당 워터에이징 프리미엄 숙성생고기 전문점 신길본점 오픈,1
1737, 국내선 SK바이오사이언스가 IPO 새역사미국서 몸값 높이는 쿠팡,0
1738, 화성산업 고효율 리브형 슬래브 PC공법 특허획득,0
1739, 한국컴패션 자전거 타고 어린이 돕는 버츄얼 사이클링 개최,0
1740, 고양시 노후위험시설 146곳에 안전관리시스템 구축,0
1741, ESG 공시 의무화ESG 경영 하지 않으면 생존 불투명,0
1742, LG 트롬 워시타워 남양주에 대규모 공급,0
1743, 美 상장 쿠팡 공모가 35달러 책정기업가치 72조원,1
1744, 블랙박스 인기 순위 높은 리드아이 가성비 블랙박스 K4 출시,1
1745, LH發 땅 투기 파문 차명 거래까지 잡을 수 있을까 부동산360,-1
1746, 카페 드롭탑 최초 드라이브 스루DT 매장 오픈,1
1747, KCH그룹 신 재생 에너지 발전사업 진출 본격화,1
1748, 美 상장 쿠팡 주당 공모가 35달러 확정기업가치 72조,1
1749, 방 2개 19평 청약넣은 6인 가족귀한물량에 시장 광풍,1
1750, 70만 월급쟁이 재테크 성지는 어떻게 만들어졌나,0
1751, 3월 110일 수출 25% 증가... 개선세 지속,1
1752, LG전자 별내 신도시 1천100세대에 트롬 워시타워 B2B 공급,0
1753, LG전자 별내 신도시 1천100세대에 트롬 워시타워 공급,0
1754, 전경련 재무성과 연계 ESG 공시역량 강화해야소송 대비 필요,-1
1755, LG 트롬 워시타워 별내 1천100세대 B2B 공급,0
1756, LG전자 별내 신도시 1천100세대에 트롬 워시타워 공급,0
1757, LG 트롬 워시타워 별내 1천100세대 B2B 공급,0
1758, 전경련 기업의 ESG 공시역량 강화 소송 폭증 대비해야,-1
1759, 원바디 세탁건조기 LG 트롬 워시타워 B2B시장 공략 가속화,0
1760, 별내신도시에 B2B 공급된 LG 트롬 워시타워,0
1761, aT 올해 직거래장터 지원사업 대상자 모집,0
1762, WSJ 쿠팡 공모가 35달러 책정기업가치 72조 원,0
1763, 사재 1000억 턴 봉진이형 배민 라이더에 주식 쏜다,0
1764, 현대카드 1521일 현대카드 M포인트위크 07 이벤트 진행,0
1765, 송도의 심장 IBD에 들어서는 더샵 송도아크베이 주목,1
1766, 부산시 2021 에이스스텔라 육성 지원사업 참여기업 모집 시작,0
1767, 유럽 코로나 3차확산 기로 백신 접종 속도에 좌지우지,0
1768, 미 증권당국 유명인에 현혹된 묻지마 스팩 투자 말아야,0
1769, 우리은행 우리Oh5클릭대출 비대면 대출상품 출시,1
1770, 디지털도어락 온라인몰 게이트맨샵 오픈 기념 이벤트 성황리에 마무리,0
1771, 한전 전남나주 강소특구 비전선포식신재생 등 에너지 기술사업화 선도,0
1772, 아우디 더 뉴 A5 스포트백 40 TFSI 콰트로 출시5천701만원,1
1773, 카뱅 오픈뱅킹 저축은행증권사까지 확대,1
1774, 서울 송파구 여성창업자 위한 스타트업 스튜디오 무료 운영,0
1775, 수출 163억달러수입 174억달러 둘 다↑3월 110일,1
1776, WSJ 쿠팡 공모가 35달러로 책정기업가치 72조원,0
1777, 기아GS칼텍스 전기차 초급속 충전 인프라 확대 나선다,1
1778, LG유플러스GS건설 스마트 건설기술로 안전생산성 제고,0
1779, 전국공공배달앱상생협의회 발족 공정 배달앱 시장 만들기 첫 발 뗐다,0
1780, 옴니채널 강화 올리브영 스마트 반품 확대,1
1781, 삽교호 수질 3등급으로 개선친환경농산물 인증 가능,0
1782, 중진공 온라인 수출 中企 2천곳 돕는다고비즈코리아 입점 등 지원,1
1783, 테슬라 주가 20% 오르자머스크 자산 28조원 넘게 늘어,0
1784, 과열경쟁불법선거운동 논란 속 부산상의 선거 투표율 94.5%,-1
1785, 배민 김봉진 직원  라이더에 주식  격려금 1천억 원 쏜다,0
1786, 손씻기 생활화에애경 비누 매출 74% 쑥 ↑,1
1787, 배민 김봉진 직원라이더에 주식 1천억원 통큰 선물,0
1788, 국내 기업인 79% 향후 2년간 AI 집중투자,0
1789, 10만원으로 롤렉스 투자조각투자 플랫폼 피스 이달 런칭 ,0
1790, 삼성 네오 QLED 독일 VDE 아이 케어 인증TV업계 최초,0
1791, KAI 미래형 훈련체계 LVC 시장 본격 진출,1
1792, 우아한형제들 김봉진 의장  배민 구성원 등에 1천억대 주식 나눈다.,0
1793, 이성희 농협중앙회장 국제협동조합농업기구 집행위원회 화상회의 주재,0
1794, 이성희 농협중앙회장 국제협동조합농업기구 집행위원회 주재,0
1795, 나의라임왓더피자 가맹점 위한 프랜차이즈 외식창업 상생모델 구축 계약 체결,1
1796, 한국GM 창원 신규 도장공장 준공 오는 2023년 글로벌 신차 생산 돌입,0
1797, bhc치킨 12월 가맹점 매출 전년대비 22% 증가,1
1798, 기업인 10명 중 8명 디지털 전환 위해 AI 집중 투자,0
1799, 10일까지 수출 25%↑5개월 연속 증가 청신호종합,1
1800, 글로벌 반도체 시장 성장률 7%p 상향조정장기호황 전망,0
1801, 프레스티지바이오로직스 코스닥 상장 첫 날 강세,1
1802, 쌍용차 새 투자자 구할까인도은행 마힌드라 감자 승인,0
1803, 국내 기업인 79% 향후 2년간 집중 투자 분야로 AI 지목,0
1804, 한국지엠 창원 도장공장 준공,0
1805, 두꺼운 차량용 강판 직수냉각 성형으로 냉각시간 단축...생기원 기술 개발,0
1806, SK이노 이사회 LG 측 과도한 요구 수용 불가,0
1807, 신도시 땅 투기 의혹 1차 조사 결과 오늘 발표,-1
1808, 윤대희 신보 이사장 혁신생태계 경영지원 지속,0
1809, 바이레도 향수 출시 기념 단편영화 언택트 상영회,1
1810, 공정위 이통3사 휴대폰 할부 수수료 담합 의혹 조사,-1
1811, 현대차 프리미엄 MPV 스타리아 티저 이미지 공개,0
1812, 네이버카카오 인터넷 대표주 외국인 매수세에 강세,0
1813, 롯데홈쇼핑 녹지 조성사업에 4억 상당 물품 기부,0
1814, 기아GS칼텍스 전기차 초급속 충전 인프라 확대 협력,1
1815, 3월 110일 수출 25% 증가연간누계로도 12.5% 늘어,1
1816, KTG; 인도네시아에 직업훈련센터 운영 취약계층 자립 지원,0
1817, SK㈜ CC; 한전과 재생에너지 사용 녹색프리미엄 계약,0
1818, 11일 수도권 미세먼지 비상저감조치5등급 차량 운행 제한,0
1819, 스웨덴 프리미엄 전기차 브랜드 폴스타 올해 한국 상륙,0
1820, 저축은행 양극화 해소 위해 영업구역 규제 손봐야,0
1821, 서민금융포럼 저축은행 양극화 심화정책 지원 절실,0
1822, 기아GS칼텍스 전기차 초급속 충전 인프라 확대 협력,1
1823, 24대 부산상의 의원에 35명 신규 진입세대교체,0
1824, 배민 김봉진 직원라이더에 1000억 쏜다,0
1825, 日증시 美부양책 주시하며 소폭 하락닛케이지수 0.01%↓,-1
1826, 스타벅스 작은 원두의 무한한 잠재력을 믿습니다,0
1827, 쌍용차 인도중앙은행 마힌드라의 쌍용차 지분 감자 승인,0
1828, 김봉진 배민 의장 직원라이더에 1000억 원대 주식 증여 약속,0
1829, 글로벌CEO 컨설팅 업체 맥킨지 새 회장에 밥 스턴펠스,0
1830, KT 스마트 그린키친으로 똑똑한 공유주방 만든다,0
1831, 대현에벤에셀 제55회 납세자의 날 모범납세자 표창 수상,1
1832, 현대그린푸드 케어푸드 사업 확대한다,1
1833, 코스피 장 초반 1%대 상승2990선 회복종합,0
1834, 현대차기아한국타이어 타이어 관리 서비스 공동 개발한다,0
1835, 굴착기 토이블록으로 만나보세요,0
1836, bhc치킨 12월 가맹점 매출 22% 증가역대 최고치,1
1837, 3월 110일 수출 25.2%↑하루평균기준 역대 최고 수출액 썼다,1
1838, 비트코인 다시 6500만원대가상화폐 관련주 강세,0
1839, 속보 코로나19 어제 465명 확진누적 9만4198명,0
1840, 현대차 스타리아 티저 이미지 세계 최초 공개,0
1841, 슈나이더 일렉트릭 기업 지속가능성 기후변화 자문 서비스 제공,0
1842, 기아 GS칼텍스와 전기차 초급속 충전 인프라 확대 나선다,1
1843, 마켓컬리 김슬아 대표 세계경제포럼 영글로벌 리더 선정,0
1844, 현대차 스타리아 티저 이미지 세계 최초 공개,0
1845, 기저효과도 넘었다 3월 110일 수출 25%↑상보,1
1846, 강아지 산책친구 찾기 앱 피리부는 강아지 12일 세텍에서 출시 행사,1
1847, 현대차기아 한국타이어앤테크놀로지와 상호협력,0
1848, 성주재단 여성리더십 프로그램 진행,0
1849, 되살아나는 일본 맥주 5개월 연속 수입 증가,1
1850, 배민 김봉진 직원라이더에 주식격려금 1천억원 쏜다,0
1851, 정세균 AZ 65세 이상도 접종...5월 6월 700만회분 추가공급종합,0
1852, 스타벅스 청년인재 양성 프로그램 참여 대학생 모집,0
1853, 스웨덴 전기차 프리미엄 브랜드 폴스타 올해 한국 상륙,0
1854, 3월110일 수출 163억달러 전년比 일평균 25.2% 증가,1
1855, 롯데건설 부산 롯데캐슬 드메르 견본전시관 12일 개관전체 1221실,0
1856, 한전 전남 나주 강소연구개발특구 비전선포식기술사업화 선도,0
1857, 현대카드 다음주 현대카드 M포인트위크 이벤트 진행,0
1858, 롯데카드 금융 브랜드 로카 머니 론칭,0
1859, SK바이오 국제기구 지원받아 변이 코로나19 백신 개발 돌입,0
1860, 우리은행 우리Oh5클릭대출 비대면 대출상품 출시,1
1861, 흥국생명 금융소비자보호 실천 결의대회 개최,0
1862, KB증권 리서치센터 기업분석부 6개팀으로 재편,0
1863, 후쿠시마 원전 사고 10년 원전 안전문제 54건 해결 불안 해소 과제,0
1864, 코스피 美 경기부양책 타결에 상승 2980선 거래,0
1865, 티몬 관계기관과 손잡고 소상공인 적극 지원,0
1866, 롯데칠성음료 비피도 지분 1.61% 취득,0
1867, 3월1∼10일 수출 25% ↑5개월 연속 증가 이어가나,1
1868, 3월 1∼10일 수출 25.2% 증가일평균 25.2% 늘어,1
1869, 게시판 김슬아 컬리 대표 세계경제포럼 영 글로벌 리더 선정,0
1870, 이통 3사 모두 5.9%공정위 휴대폰 할부수수료 담합의혹 조사,-1
1871, 3월 1∼10일 수출 25.2%↑반도체자동차 20% 이상 늘어상보,1
1872, 통신3사10년간 단말기 할부수수료 5.2조 원 소비자에 떠넘겨,0
1873, 국립산림과학원 우리나라 산림 토양 나무 생장에 적합,0
1874, 마켓컬리 김슬아 대표 세계경제포럼 영 글로벌리더 선정,0
1875, 수출입 동향 반도체車 필두로 3월 초 수출 플러스로 출발,0
1876, Sh수협은행 SK플래닛과 손잡고 OK캐쉬백 포인트 지급 이벤트,0
1877, 해외에서 잘 나가는 편의점 PB ...아임이 민생 라면 미국 간다,0
1878, 세입자에 준 퇴거 위로금 과세 기준은 불명확,0
1879, 65세 이상 이달 AZ백신 접종시작..항공 승무원 2분기 접종,0
1880, 1보 3월 1∼10일 수출 25.2%↑일평균도 25.2%↑,1
1881, 교보생명 광화문글판 대학생 에세이 공모전 개최,0
1882, 공정위 이통3사 휴대폰 할부수수료 담합의혹 조사 착수,-1
1883, AZ백신 접종대상 65세 이상으로 확대,1
1884, 롯데칠성음료 마이크로바이옴 전문기업 비피도 지분 1.61% 투자,0
1885, 11번가 월간 십일절..새 출발 상품 특가 판매,0
1886, 정총리 AZ백신 접종대상 65세 이상으로 확대종합,1
1887, 3월 1일10일 수출 25.2% 증가하루 평균도 25.2% 늘어,1
1888, 그래픽 3월 수출입 동향,0
1889, 올해의 인물 정의선 회장 글로벌 차 시장 퍼스트무버 될 것,0
1890, 현대차 22년만에 새 MPV 스타리아 선보여이동국 은퇴 선물,1
1891, 신한금융플러스 소비자보호 완전판매 선포식 실시,0
1892, 에스피프레시 폴앤박 설국향 출시,1
1893, 카카오뱅크 저축은행증권사로 오픈뱅킹 확대,1
1894, 공정위 이통3사 휴대폰 할부금리 담합 혐의 조사 착수,-1
1895, 현대차ᆞ기아한국타이어 데이터 활용 기반 서비스 개발 협력,0
1896, 미국 국채금리 안정에 원달러 환율 1130원대 하락 출발,-1
1897, 위메프 W아카데미 첫 라방..소상공인 지원 강화,0
1898, NH농협은행 NH디지털Challenge 4기 온라인 데모데이 개최,0
1899, 롯데리아맥도날드 이어 버거킹도 버거류 가격 인상,0
1900, 수산자원 보호생산 강화공익직불제 시행,0
1901, 부산대 연합창업대학원 참여기술교육 부문 운영,0
1902, SK이노베이션 이사회 ITC 반면교사준법감시 기능 강화하라,0
1903, 기장군 장안산단에 장애인 표준 사업장 설립,0
1904, 10일까지 수출 25%↑5개월 연속 증가 청신호상보,1
1905, 3월 1∼10일 수출 25.2%↑일평균도 25.2%↑종합,1
1906, 자동차전문기자협 올해의 차 시상식 개최2021 올해의 차는 제네시스 G80,0
1907, 동서식품 맥심 커피믹스 구매시 쿠션 등 굿즈 증정,0
1908, 3월 1∼10일 수출 25.2%↑반도체자동차 20% 이상 늘어,1
1909, 3월 110일 수출 전년比 25.2%↑,1
1910, 코스피 개인외인 순매수 속 상승 출발,0
1911, 카뱅 저축은행증권사 계좌도 오픈뱅킹으로 관리하세요,1
1912, 농협은행 NH디지털Challenge 온라인 데모데이 개최,0
1913, 스타벅스 청년인재 양성 프로그램 참여 대학생 모집,0
1914, 환율 원달러 환율 4.7원 내린 1138.0원개장,0
1915, 개장 코스닥 지수 0.10% 출발 ... 890.97,0
1916, GS25 베트남 100호점 개점,0
1917, 로보어드바이저 파운트 앱 개편투자도 온라인 쇼핑하듯,0
1918, 아시아나항공 통합 방역 프로그램 시행,0
1919, 아시아나항공 방역키트 케어플러스,0
1920, 롯데홈쇼핑 녹지 조성사업에 4억원 상당 물품 기부,0
1921, 정세균 AZ 백신 접종 65세 이상으로 확대,1
1922, 부동산 투기 방지 핀셋 정책 정밀조준에 실패하다,0
1923, 백화점 속 미술관현대백화점 판교점에 아트 뮤지엄 연다,0
1924, 마지막 송상  OCI그룹 창업자 송암이 남긴 것,0
1925, 반도체의 힘.. 이달 110일 수출 163억달러로 25.2%↑,1
1926, 게시판 롯데홈쇼핑 녹지 조성사업에 4억 상당 물품 기부,0
1927, 정부 합동조사단 오늘 LH 투기 의혹 1차 조사 결과 발표,-1
1928, 개장 코스피 지수 0.21% 출발 ... 2964.3,0
1929, 롯데호텔 트레비클럽 리뉴얼 론칭,0
1930, 아시아나항공 통합 방역 프로그램 운영코로나 관리 강화,0
1931, 시황코스피 2964.30▲0.21% 코스닥 890.97▲0.10% 원달러 환율 1138.0원▼4.7원 개장,0
1932, 오늘도 400명대 중반 예상내일 거리두기 조정안 발표,0
1933, CU갈 땐 무조건 텀블러 챙기세요,0
1934, 연말정산 때 놓친 공제 3월 11일부터 경정청구로 환급 가능,0
1935, 하이트진로음료 하이트제로0.00 체험단 모집,0
1936, 가계대출 사상 첫 1000조 돌파주담대 6조4000억 원 급증,1
1937, 본도시락 봄 시즌메뉴  봄냉이우삼겹된장찌개봄냉이된장제육덮밥 재출시,1
1938, 코스피 상승 출발장중 2970선 회복,0
1939, 2보 3월 1∼10일 수출 25.2%↑일평균도 25.2%↑,1
1940, 경북 해양과학기술 기반 기업 지원,0
1941, SK바이오사이언스 코로나19 변이 바이러스 백신 개발 돌입,0
1942, 카카오뱅크 저축은행증권사로 오픈뱅킹 서비스 확대,1
1943, 명품 주거의 필수 전용 엘리베이터가 집 안에 들어왔다,0
1944, 기업환경정책협의회 인사말 하는 우태희 상근부회장,0
1945, 우태희 상근부회장 기업환경정책협의회,0
1946, 기업환경정책협의회,0
1947, 키움증권 삼천리자전거 전기하이엔드 중심 성장 기대,0
1948, 정 총리 65세 이상도 AZ 백신 접종상반기 700만회분 도입 확정,0
1949, 빅데이터MSI시장심리 톱5 SKCJSOil대우조선해양신한지주,0
1950, CJ제일제당 비비고 생선구이 생산능력 두배로 늘린다,0
1951, 게시판 식약처 제약사 의약품 허가업무 담당자 대상 온라인설명회 개최,0
1952, 특금법 시행 D14실명 계좌 못 준다는 은행에 우는 코인거래소,0
1953, 반도체 25% 승용차 23% 늘어3월110일 수출 25.2% 증가,1
1954, 후쿠시마 10년③ 탈원전 엇박자경북은 소외,0
1955, 현대차 스타리아 티저 이미지 공개돼혁신적이고 미래적인 디자인 눈길,0
1956, 2021년 1차 기업환경정책협의회,0
1957, 대한상의환경부 제1차 기업환경정책협의회,0
1958, 하이트진로 스마트팜 솔루션기업 퍼밋에 투자,0
1959, 농심   배홍동 비빔면 판매 개시,0
1960, 1보 3월 1∼10일 수출 25.2%↑일평균도 25.2%↑,1
1961, 정세균 65세 이상도 AZ백신 맞는다고령층 효능 입증,0
1962, 속보3월 110일 수출 25%↑ 5개월 연속 증가 청신호,1
1963, 속보3월 110일 수출 반도체 25.2%車 22.8%↑,1
1964, 시멘트산업 연계 청정연료 생산 실증 협약,0
1965, 비트코인 다시 6500만원 넘어사상 최고가 경신하나,1
1966, 괴산 신품종 옥수수 대학단옥수수종자 공급,0
1967, 속보3월 110일 수출 163억달러전년동기比 25.2%↑,1
1968, SK바이오사이언스 코로나19 변이 백신 개발 돌입,0
1969, 정세균 AZ백신 65세 이상으로 확대2분기 700만회분 도입 확정상보,1
1970, 롯데리아맥도날드 이어 버거킹도 100∼300원 인상,0
1971, 속보3월 110일 수출 163억전년비 25.2% 증가,1
1972,  버거킹 와퍼도 가격 오른다...200원 인상,0
1973, 국산 유통기한 45일 태국산 달걀은 60일품질 괜찮은 건가요,0
1974, 이마트24 자체 브랜드 민생라면 미국 수출,0
1975, CJ제일제당 비비고 생선구이 생산 인프라 2배 확대,1
1976, 진천 백곡호 일대 국가생태탐방로 조성,0
1977, 韓 소형 원자로 사우디 수출 지지부진소형 원전 경쟁력도 밀리나,0
1978, 이베이코리아 프리미엄 간편식몰 윙잇 결제 서비스 오픈,1
1979, CJ제일제당 비비고 생선구이 생산 인프라 2배 확대,1
1980, 공정위 이통3사 휴대폰 할부수수료 담합의혹 조사,-1
1981, GS25 베트남에 100호점 오픈,1
1982, 올리브영 스마트 반품 서비스 전국 주요 매장으로 확대,1
1983, 감염병 여파지난해 충북 사교육비 10.3% 감소,-1
1984, 한국항공우주산업 미래형 훈련체계 시장 본격 진출,1
1985, G마켓∙옥션 패션스퀘어 스프링세일..최대 74% 할인,0
1986, 하동 화개천 어린 은어 10만 연어 2만 마리 방류,0
1987, 속보정세균 총리 65세 이상도 AZ 백신 접종,0
1988, 원주혁신도시 올해 신입 사원 385명 채용,0
1989, 강원도 지역 사랑상품권 부정 유통 단속,-1
1990, 2보 정총리 AZ백신 접종대상 65세 이상으로 확대,1
1991, 와퍼 200원 오른다버거킹 일부 제품 가격 인상,0
1992, 2월 강원 아파트 분양경기 실사지수 90선 넘어서,0
1993, 오늘 기업 오늘 사람 소프트뱅크교보생명금호석유화학LG에너지솔루션,0
1994, 신한금투 이노션 1분기 실적개선 기대아이오닉 수혜,0
1995, NH證 포스코 주가 하락 기회로 삼아야,-1
1996, 이통3사 휴대폰 할부수수료 담합의혹공정위 조사 착수,-1
1997, 5.9% 고정된 휴대폰 할부수수료...공정위 이통3사 조사착수,0
1998, GS25 베트남 100호점 개점매년 100개 이상 출점 목표,0
1999, 호텔서 한 달 살아보세요손님 찾아나선 호텔들,0
2000, 공은 다시 국토부로벌써부터 후폭풍,0
2001, 원 지사 정상 추진좌 의장 합의 깼다,0
2002, 속보정세균 AZ백신 접종대상 65세 이상으로 확대,1
2003, 이슈분석 땅투기 의혹 하나둘 사실로흔들리는 3기 신도시,-1
2004, 북한 농번기 앞두고 인민의 식탁에서 만세 소리 나와야,0
2005, 오늘의 키워드 이재용 또 프로포폴 투약 의혹삼성전자 합법적 처치,-1
2006, 집콕템 쟁여두세요.. 홈플러스 짐승용량 상품 모음전,0
2007, 오늘의 키워드 땅 투기 모자라 망언까지뿔난 국민들 LH 해체하라,-1
2008, 석탄LNG발전소 향후 5년간 오염물질 5000t 초과 배출,0
2009, 오늘의 키워드 SK바사 증거금 63조 넘어통합 경쟁률 335 대 1,0
2010, 속보 정세균 AZ백신 접종 대상 65세 이상으로 확대,1
2011, 오늘의 키워드 쿼드 4개국 첫 정상급 화상 회의 개최韓도 참여할까,0
2012, 농심 배홍동 비빔면 판매 개시,0
2013, 빅데이터MSI11일 오전 주식시장 심리 5단계 약간좋음,0
2014, 오늘의 키워드 美 CPI 안도에 국채 금리 안정뉴욕증시 상승 마감,0
2015, 모닝 인사이트 美 10년물 국채금리 2분기 2% 이상 치솟을 것,0
2016, 1보 정총리 AZ백신 접종대상 65세 이상으로 확대,1
2017, CU 일회용 컵 대신 텀블러 사용하면 커피 200원 할인,0
2018, 삼성 네오 QLED TV 독일 인증기관서 눈 안전성 인증 획득,0
2019, 차량용 반도체 조달 출국 기업인 코로나 예방접종격리면제,0
2020, 금감원 美 워싱턴사무소 폐쇄한다,0
2021, 대형승합택시 셔클 은평뉴타운 운행 시작,0
2022, 삼성 네오 QLED TV 업계 최초 독일 VDE 아이 케어 인증 획득,0
2023, 땅투기 공무원 또 나올까丁총리 오늘 1차 조사결과 발표,0
2024, 휠체어 빌려드려요 서울관광재단 관광약자 여행 보조기기 대여,0
2025, 게시판 중진공 중소벤처기업 2천곳 온라인 수출 지원,0
2026, 국내 어디서도 출발 24박25일 전국일주 여행의 진화,1
2027, 세종시 만 13세 청소년에게 꿈끼카드 지원,0
2028, 천안시 지역거주자 우선공급 청약 자격 강화,1
2029, 국토부 제2판교밸리 대전 도심융합특구 지정,0
2030, 홈플러스 짐승용량 상품 모음전,0
2031, 대용량 가성비 상품 구경하세요,0
2032, 홈플러스 짐승용량 상품 모음전,0
2033, 대용량 가성비 상품 구경하세요,0
2034, 대전충남 쏙 뺀 혁신도시 지원무늬만 혁신도시 장기화,0
2035, 뉴스체크｜경제 공모주 중복청약 하반기부터 금지,1
2036, 한국관광협회중앙회 업계 지원책 요청 건의문 여야에 전달,0
2037, 집 팔려고 세입자에게 퇴거 위로금 줬다면 양도세는,0
2038, 이제는 호텔도 한달살기 롯데호텔서울 장기투숙 상품 출시,1
2039, 이동통신3사 10년간 단말 할부수수료 5조원 소비자에 전가,0
2040, 슬쩍 들췄더니 우박처럼 쏟아진 투기 의혹어떻게 발본색원,-1
2041, 아쿠아리움 전망대 테마파크까지롯데월드의 특별한 화이트데이,0
2042, 식당 사장의 눈물작년 4분기 음식숙박에 쓴 돈 20조 하회,-1
2043, 탄소 소재부품장비 기업 지원 3백억 원 규모 자금 조성,0
2044, 전북교육청 저소득층 가구 자녀 교육비 지원,0
2045, 바이든 존슨앤드존슨 백신 1억회분 추가 주문 예정,0
2046, 전주 시내버스 정기권 5월부터 편의점서도 판매,0
2047, 7번째 금융 관련 기업 개소추가 유치 필요,1
2048, 롯데백화점담양 금실딸기 산지 직송전,0
2049, 담양에서 올라온 금실딸기 맛보세요,0
2050, 밀레니엄 힐튼 서울 최대 30% 할인 봄 플래시 세일 진행,0
2051, 부산 창업기업 5곳 선정7천만원 지원해 스타기업 육성,0
2052, 신도시 땅 투기 의혹 1차 조사 결과 오늘 발표,-1
2053, 서부경남 공공병원 광역환승할인 확대,1
2054, 김해시 소상공인 지원 450억 원 예산 편성,0
2055, 거래소 코스닥시장본부장 후보에 홍순욱 전문위원 추천,0
2056, 의심거래 보고 위반 가상자산업자에 최고 1억 과태료,0
2057, 가덕 신공항 밀어붙이기물류에 유리,0
2058, 삼성 Neo QLED 독일 VDE 아이 케어 인증 획득,0
2059, 백신접종 후 척수염 청원글당국 조사중,0
2060, 모레상점  나무 심어주는 리프레싱 샴푸  컨디셔너 바 출시,1
2061, 지난해 추경 규모 GDP의 3.5%78%는 세출 증가,1
2062, 국민 23.3% 스마트폰 과의존 위험3.3%p↑,1
2063, 돈에 취한 세상 이젠 금리 역습이 걱정,0
2064, 투썸플레이스 카카오페이 결제 시 신용카드 이용 가능,0
2065, 복지 후진국 미국 예외주의의 종언인가   이코노미 인사이트 _ Economy insight   【이창곤의 웰페어노믹스】 미국 바이든 정부의 획기적 아동양육보조금 추진 배경  ,0
2066, AZ백신 350만명분 오는 5월 국내 도입,0
2067, 출렁다리 원주 간현종합관광지로 개발,0
2068, 글로벌 비즈 투자 귀재 워런 버핏 자산 1천억 달러세계 부자 5위,0
2069, 311목 데일리안 출근길뉴스 LH 폭로한 김남근 정부 조사 공조요청 없었다배후 음모론은 황당,-1
2070, 그래픽 일본 맥주 수입량 추이,0
2071, 상승세 탄 비트코인 다시 6500만원대 돌파최고가 눈 앞,1
2072, 증시전략 메타버스 시대 온다 로블럭스 상장 첫날 54% 급등,1
2073, 신도시 지정 직전 토지거래 급증정보 미리 샜나,1
2074, 비트코인 6500만원대로↑ 5거래일 연속 상승,1
2075, 서학개미 브리핑 가장 비싼 버크셔 해서웨이 A주 1주에 4억 원↑,1
2076, 오리온  꼬북칩 초코츄러스맛 글로벌 판매 개시,0
2077, 미국인 10명 중 3명 워런버핏 대신 이 사람 보고 주식했다,0
2078, 글로벌 마켓 美증시 인플레이션 우려 완화금리 안정다우 1.46%↑,0
2079, 엘칸토 신학기 맞이 엄마해방프로젝트 캠페인 진행,0
2080, 금감원 워싱턴사무소 폐쇄 작업 착수,0
2081, 나스닥 폭등도 무용지물코스피 악몽 재현 박스권 장세,0
2082, 스마트 리빙 전기차 구입 시 고려해야 할 것은,0
2083, 뉴욕증시 물가선방부양책 타결에 강세다우 32000선 돌파,1
2084, 스마트 리빙 실손 보험료 최대 19% 인상 새 보험으로 갈아타야 할까,0
2085, 美증시 성장주 지고 가치주 뜨고시장 분위기 바뀐다간밤 해외시황,0
2086, 오리온 꼬북칩 초코츄러스맛 美中서도 맛본다,0
2087, 경제쏙 66조 쿠팡 유통시장 흔드나,0
2088, 이재용 불법 합병 재판 오늘 재개프로포폴 의혹 또 불거져,-1
2089, 아모레 국내 뷰티 기업 처음으로 글로벌 RE100 가입,0
2090, 美 1조 9천억 달러 경기 부양안 최종 통과내용은,0
2091, 연말정산때 놓친 공제 추가 환급 받을 수 있다,0
2092, 법원 금호석화 조카에 손고배당안도 주총으로 상정,0
2093, 비트코인 17일 만에 6천500만원대 상승,0
2094, 文 신뢰공정 무너뜨린 비리개발 정보 유출 의혹도,-1
2095, 칠리즈 토큰 역대 최대 거래대금 달성업비트서만 1.2조원,0
2096, 수출 7000억달러 시대 열자 정부 무역금융 20조원 공급,0
2097, 장보기 무섭네 생활물가 폭등에 엥겔지수 20년만에 최고,1
2098, 집 팔려고 세입자에게 퇴거 위로금 줬다면 양도세는,0
2099, 오늘 LH 투기 전수조사 결과 발표美증시 다우 최고치 모닝브리핑,1
2100, 공정위 이통3사 휴대폰 할부 수수료 담합 의혹 조사,-1
2101, 신도시 땅 투기 의혹 1차 조사 결과 오늘 발표,-1
2102, 이재용 불법 합병회계부정 의혹 재판 오늘 재개,-1
2103, 한미 방위비협상 타결올해 13.9% 인상 1.18조,0
2104, LH 투기 의심 15명 안팎 추가 확인오늘 1차 발표,0
2105, 쿠팡 오늘 밤 뉴욕증시 상장종목 코드 CPNG,1
2106, EU 2030년까지 세계 반도체 20% 생산 목표,0
2107, 애플 올해 상반기 아이폰12 미니 생산량 감축한다,0
2108, 미국 2월 소비자물가 0.4% 올라4개월 연속 상승세,1
2109, 역대급 가성비 갤A 신제품 공개 임박갤S처럼 급 나누기,1
2110, 양산 채비 아이오닉5아직도 첩첩산중,0
2111, 적과의 동침 비리 단절내실 다지는 우리은행,0
2112, 美하원 1.9조 달러 부양안 가결바이든 12일 서명,0
2113, 고유가시대③ 역대 고유가 때마다韓 경제성장률 하향 조정했다,0
2114, LH 투기 의혹 실체 드러날까오늘 오후 1차 조사결과 공개,-1
2115, 작년 4분기 음식숙박에 쓴 돈 5년 만에 20조 밑돌아,0
2116, 못난이 감자 참외를 싸게 SSG닷컴  상생행사 연다,0
2117, 싱싱한 제철 수산물 드세요.. 롯데마트롯데온 대한민국 수산대전 진행,0
2118, 네이버 쇼핑 말 많은 최저가 꼼수 막는다,0
2119, 비대면 배송 노린 택배 절도범알고보니 피자배달원,0
2120, 12차 충북 소상공인 육성자금 바닥3차 3개월 기다려야,0
2121, 25번 대국민 사기극에 분노한다 부동산정책 비판 광고 버스 달린다,0
2122, 전방위 투기LH 직원 지자체 개발 땅도 손댔나,0
2123, 작년 4차례 추경 67조 GDP의 3.5%외환위기보다 더 커,0
2124, 국민 공분 잠재울까LH 투기 전수조사 오후 발표,0
2125, 신도시 지정 직전 토지거래 급증정보 미리 샜나,1
2126, 몸값 66조 쿠팡 오늘 美증시 데뷔한국판 아마존 될까 장가희 기자의 뉴스픽,1
2127, LH 직원 30% 허위 출장출장비 5억 원 꿀꺽,-1
2128, 과천 신도시 땅도 산 LH 직원수법은 판박이,0
2129, 슈퍼부양책 통과국채금리 하락다우 사상 최고 마감,0
2130, SK바사 청약 32만 명은 1주도 못 받아다음 대어는,1
2131, 오늘 투기조사 발표與공직자 의혹에 꼬리 자르나,-1
2132, 석탄LNG발전소 향후 5년간 오염물질 5천t 초과 배출,0
2133, 울산시 온산공단 지하배관 안전성 개선20억원 투입,0
2134, LH 투기 의혹 1차 조사 결과 오늘 오후 나온다,-1
2135, 로이터 LG 테슬라에 배터리 공급 확대 위한 공장 건설,1
2136, 지난해 추경 규모 GDP의 3.5%78%는 세출 증가,1
2137, 작년 엥겔지수 20년 만에 최고장보기도 벅찼던 한해,1
2138, 불매운동 느슨해졌나일본 맥주 수입 5개월째 증가,0
2139, 미중 18일 알래스카서 바이든 취임 후 첫 고위급 회담,0
2140, 재벌개혁론 1세대 장지상 원장 경영권 노리는 외국 투기자본 많지 않아,0
2141, 장지상 TSMC은 생산기술에 특화된 기업 설계력 갖춘 삼성전자가 한수 위,0
2142, 장지상 산업硏원장 미중 무역갈등 韓 경제 재도약 기회산업재편 서둘러야,0
2143, 1000조 넘은 영끌빚투 빌리는 대한민국,0
2144, 코로나에 어쩔수없이 육아살림하는 남자 늘었다,0
2145, 5대 은행 전세대출 3조5천억↑금리 인상 빨라진다,1
2146, 과열되는 콘텐트 구독 전쟁,0
2147, 편리미엄 시대 식기세척기 사상 최대 수출美 유망종합,1
2148, 마켓컬리선 30%더 비싼 삼겹살통계체감물가 괴리 낳았다,0
2149, 주문 4개월째 깜깜무소식스킨푸드 네고왕 효과 사라지나,0
2150, 홈코노미편리미엄 확산에 작년 식기세척기 수출 사상 최대,0
2151, 게시판 중기부 장애인기업 온라인 판로 확대 등 지원,1
2152, 제철 수산물 드세요롯데마트SSG닷컴 등 할인 판매,0
2153, SSG닷컴 못난이 농산물 17일까지 반값 할인,0
2154, 건기식 1위 홍삼에 도전장프로바이오틱스가 뭐길래,1
2155, 공정위 칼뽑았다이통3사 휴대폰 할부수수료 담합의혹 조사,-1
2156, 오늘의 주요일정경제3월11일 목요일,0
2157, 국토부 지적재조사 지침서 발간소유권 분쟁 해소 도움,0
2158, 오늘의 주요일정국토교통부3월11일 목요일,0
2159, 지수 하락에문재인 펀드도 줄줄이 손실,-1
2160, 오늘의 주요일정해양수산부3월11일 목요일,0
2161, 창업 3년 이내 한식당 35개소 국산 식재료 지원,0
2162, 정부 발달장애인 특화사업장 구축장애인기업에 94억 투입,1
2163, 은행권 가계대출 1천조원 돌파지난달 6.7조 ↑,1
2164, 나 떨고 있니확률 공개 입장 바뀐 게임사들,0
2165, 서울아산병원 대한민국 병원 1위고대안암병원 7위,1
2166, GS건설 계룡자이 16일 청약 1순위 접수,1
2167, SK바이오사이언스 청약 증거금 63조 넘어IPO 역대 신기록,1
2168, 골뱅이 이어 껌 맥주 세븐일레븐 쥬시후레쉬와 콜라보,0
2169, 어제 오후 9시까지 426명 확진그제보다 2명 감소,0
2170, 슬쩍 들췄더니 우박처럼 쏟아진 투기 의혹어떻게 발본색원,-1
2171, 신규 확진 연일 400명대AZ 백신 2차 도입 일정 발표,0
2172, 더불어 행복한 삶 한국 경제 이끈 집단지성,0
2173, 성주재단 여성 리더 양성 프로그램 진행,0
2174, 중기부 백년가게소공인 700개사 선정,0
2175, 재테크 단신,0
2176, 원준범 세무사의 생활 속 재테크 암호화폐 세금은 내년부터 연간 매매차익 250만원 공제 후 20% 과세,0
2177, 그림부터 스니커즈까지 MZ세대 공동 재테크 바람,0
2178, 구자열 해외 출장 기업인도 백신 우선 접종 배려를,0
2179, 홍남기 추경의 생명은 적시성 국회 빠른 심사 해달라,0
2180, 정치노동시민단체 3중 압박에도 최정우 포스코 회장 연임엔 청신호,0
2181, 유튜버 美 수익 신고 안하면 총수입 24% 떼인다,0
2182, SK바이오사이언스 63.6조 신기록 청약자 32만명은 1주도 못 받는다,1
2183, 비대면 커지니 좁아지는 은행 채용문,0
2184, 테슬라 잡아라 LG 美유럽 새 공장,0
2185, 金파金란 밥상물가 무서운데 에너지공공요금마저 심상찮다,0
2186, 국토부LH직원 대토보상 못 받아 입주권 특혜도 줄인다,0
2187, 단독 우리 애 코로나 걸릴라  언택트 소비 주도한 맘,0
2188, 단독 샤넬 사려고 3시간 대기 보복 소비 이끄는 2030,0
2189, 외지인 택지지구 대토보상 제외한다,0
2190, 광명시흥 정부가 만든 투기 천국이었다,0
2191, 정부 조사는 빙산의 일각안산신길2 등 중규모 택지도 쪼개기 거래 급증,1
2192, 단독밥상물가 통계에 쿠팡 새벽배송도 담는다,0
2193, 가상증강 넘어 확장현실총알 탄 메타버스 우리 곁으로 성큼,0
2194, 운송과 제조업컨벤션 연계 코로나 이후 준비하겠다,0
2195, 이재용 프로포폴 의혹 檢심의위 개최 여부 오늘 결정,-1
2196, 가맹점 수수료 또 내려가나,0
2197, LH 투기 의혹 조준하는 공룡 합수본덩치 값 해낼까,-1
2198, LH 사장 때 뭐했나거세지는 변창흠 사퇴론,-1
2199, 점차 커지는 사회연대세고소득법인 3년간 증세 필요,1
2200, 협회장까지 비판...은행 CEO 징계 우려 목소리 확산,-1
2201, 車반도체 시장 매년 10%씩 성장절대강자 없어 韓에 기회,0
2202, 오늘의 주요일정금융증권3월11일 목요일,0
2203, 미국발 금리 급등에 1000조 육박 국가채무 부담도 커진다,1
2204, 판 커지는 세계 수소경제 미국도 중동도 수소가 살길 선언,0
2205, 과태료범칙금 네이버카카오로 알려준다,-1
2206, 백신 접종 해외출장 기업인 우선 배려를,0
2207, 단독 땅투기 LH 가짜 출장까지 2898명 부정수급 적발,-1
2208, 내수 경기 풀릴 징조 식재료값 상승 영향 지난달 외식 물가 상승률 16개월 만에 최고치,1
2209, 배터리만 있는 게 아니다LG화학 미래 짊어진 불사조 피닉스팀,0
2210, 시험 칠때마다 고민 답 고칠까 놔둘까정답 확률 높은 쪽은,0
2211, Insight 모두가 아는 옛이야기 시대를 입고 새로운 이야기로,1
2212, ViewOutlook; ESG 지표가 새로운 투자 기준착한기업에 글로벌 자금 몰려,1
2213, 머니투데이 오프라인 헤드라인11일,0
2214, 현장 돋보기 두자릿수 급성장 e스포츠 산업 체계적 인재 육성 시스템 절실,0
2215, Biz Prism AI 전면도입은 아직 위험도미노피자 디지털 전환서 배워라,0
2216, Biz Focus 디지털 소비의 함정무의식적으로 지갑 연 적 많죠,0
2217, Science in Biz 한국산 슈퍼섬유 아라미드전기차 타이어 시장 정조준,0
2218, CEO 심리학 해야 할 일을 잘하기 보다 피해야 할 일을 안하는 게 때론 훨씬 어렵고 힘들어,-1
2219, 단독 30%가 외지인LH 직원들이 사랑한 농지 누가 가졌나보니,0
2220, 의약품 부족 멕시코 한국서 항암제 등 구입 추진,0
2221, 그룹 해체 20년 사라져가는 대우라는 이름 이제 3곳 남았네,0
2222, 은행 가계대출 첫 1000조 돌파 1년새 100조 늘었다,1
2223, 사흘에 하루 혼술,0
2224, 골프족 10년새 2배 그카캐 고공행진,0
2225, 차량용 반도체 연구개발비 2000억 지원,0
2226, 농협 제3회 청정축산환경대상 시상식 개최,0
2227, aT 기업 규제 해소창구 기업성장응답센터 출범,0
2228, 테슬라 제친 우링홍광 소비계층 확대 가능성에 주목,1
2229, 농협유통 백설기 데이3.14에는 우리 쌀로 만든 선물을,0
2230, 농협 2021년 상반기 신규직원 1300여명 채용,0
2231, 농협 도쿄국제식품박람회 통합 홍보관 운영,0
2232, 문성혁 해양수산부 장관 수협 방문어선교신하며 안전조업 당부,0
2233, 농협하나로마트 라떼는 말이야 초특가 생활용품 모음전,0
2234, 지표로 보는 경제 3월 11일,0
2235, 에쓰오일 챗봇스마트 헬멧 등으로 사무실공장 디지털 업무환경 구축,0
2236, 조원태 회장 전경련 부회장단 합류,0
2237, 경제계 단신현대차정몽구재단 국제기구 아카데미 참가자 모집 外,0
2238, 북극곰 브로비를 소개합니다 SKB IPTV 새 캐릭터 공개,0
2239, 쿠팡 공모희망가 3234달러로 몸값 66조원 예상,0
2240, 현대차 첫 고성능 SUV  코나N 티저 공개,0
2241, 밀가루 이어 껌라디오 브랜드로 맥주 출시 식품업계로 뉴트로 확산,1
2242, 국내 유튜버도 美서 얻은 수익 10% 세금 낸다,0
2243, 차량 반도체 생산 자립 정부 2년간 2000억 투입,0
2244, 최태원 韓美 우호증진 협력 美 상의회장에 서한,0
2245, 한화그룹 계열사 4곳 女사외이사 5명 선임,0
2246, 청년 일자리 16만개 중 10만개가 최저임금,0
2247, LGU주도 5G XR 동맹에 美 버라이즌佛 오랑주 합류,0
2248, 저는 코로봇 비대면 방역 작업 맡겨 주세요,0
2249, 카톡네이버 앱으로 코로나 백신 예약한다,0
2250, 금융지주 변화보다 안정 사외이사 26명 중 22명 연임할듯,0
2251, 쇼윈도 안에 화사한 봄이 활짝,0
2252, 가상화폐 거래소 의심거래 보고 안하면 과태료,-1
2253, 홈술혼술 열풍에 술 더 적게 더 자주 마셔,1
2254, 5대 시중은행 중 NH만 상반기 채용 확정,0
2255, 온라인쇼핑 네쿠카 삼국지 전운 감돈다,0
2256, 이코노 브리핑 에쓰오일 디지털 전환 로드맵 수립 외,0
2257, 박종화 자동차손해배상진흥원장 어린이 교통안전 릴레이 챌린지 동참,0
2258, 전기 승용차 대당 최대 1400만원 경기 무공해차 2만대에 보조금,0
2259, 향긋한 과일향과 청량감쥬시후레쉬맥주 출시,1
2260, 수습변호사도 취업못해 5400명 변협 연수,0
2261, 서울 도시경쟁력 5년새 6계단 추락,0
2262, 64조원 몰린 SK바이오 공모주 1株도 못받는 청약자 생길듯,1
2263, 당근마켓 분쟁땐 실명 제공 개인정보 유출 vs 소비자 보호,0
2264, 3기 신도시 일부주민 개발계획 철회해야,0
2265, 토지보상 대상 확대 이후 공공기관 직원 투기 기승,1
2266, 정부 검찰 빼놓고 LH투기 합수본 770명 규모로 꾸려,0
2267, 비농업인 농지취득 예외조항만 16개 허술한 농지법 LH투기 사태 키웠다,0
2268, 단독시흥시의원 부인이 땅 사둔 곳에 산업단지 조기개발 공약,0
2269, 부동산 정보는 LH만의 복지 의혹 털어봐야 못찾을것,-1
2270, 文대통령 주택공급 흔들림없이 추진 변창흠 경질 일단 선그어,-1
2271, 포천市 전철업무 공무원 역 예정지 부근 40억 땅건물 사들여,0
2272, 與 양향자 최고위원 개발지역 인근 맹지 보유,1
2273, 주택 영끌에 주식 빚투 열풍 은행 가계대출 1000조 첫 돌파,1
2274, 당정청 선거앞 투기 논란 발등의 불 진화 총력전,0
2275, 공무원시의원 부인 최소 44명 수상한 땅투자,1
2276, 에미레이트 항공 이코노미 승객 대상 옆좌석 구매 서비스 도입,0
2277, 봄철 관광객 놓칠 수 없다스페인 5월부터 백신여권 도입추진,0
2278, 코로나 극복 위해 中企소상공인 지원 강화해야,0
2279, EU 코로나19 급확산지역에 화이자백신 400만회분 추가공급,0
2280, 직장인이 느끼는 위기감 1위 이 회사 언제까지 다닐 수 있을까,1
2281, 2월 미 소비자물가 0.4%↑4개월째 상승,1
2282, 포르투갈 65세 이상에 아스트라제네카 백신 사용 승인,0
2283, 투기 의심 LH 직원 추가 확인오늘 1차 조사 결과 발표,0
2284, 아프리카돼지열병 나비효과대체육 찾다가 코로나19 퍼졌나,0
2285, 단독 인앤아웃버거처럼 유명하면 직영점 없어도 가맹점 모은다,0
2286, 독일 코로나 피해지원 일시중단신분 속여 가로챈 사례발견,-1
2287, 10개 시군 소상공인 코로나 특례보증 지원 전무,0
2288, 혁신조달 통한 지역 우수기업 육성 방안 논의,1
2289, 정재경 강원중기청장 16일 퇴임,0
2290, 조달시장 저변확대 핵심 우수한 환경기술 혁신,1
2291, 강원도 감자 팔아주기 행사,0
2292, 중기협동조합 자금 신청 접수,0
2293, 시사 경제 용어스스로 성공한 이들이 경제중심이 되는 현상거래기록을 다중 복제 분산형 정보 저장기술,0
2294, 주강원수출 올해 미국호주 150만 달러 김치 수출,0
2295, 에스와이 한솔제지 지붕태양광 공사 수주세라믹하이퍼빌 강판 적용,1
2296, 벼락거지 불안증부동산주식으로 관심 대거 이동,0
2297, 식료품 이어 교통비수도료도 들썩나쁜 인플레 오나,0
2298, 아이오닉5 조립라인 생산인력 12% 줄인다,0
2299, 삼성 속도 6배 빠른 소비자용 SSD 출시,1
2300, 경제 브리핑 삼성전자 17일 갤럭시A 시리즈 공개,0
2301, 경제 브리핑 표준협회 TIPS 컨소시엄 참여,0
2302, 인사 하쿠호도제일 이승훈 대표 선임,0
2303, LG유플러스 주축 XR 얼라이언스 세 확장,0
2304, 경제 브리핑 금호타이어 베트남 공장 증설 안건 승인,0
2305, 벼 심겠다 해놓고 나무 심어대부분 허위 계획,-1
2306, 다음 신도시는 고촌 땅 팔라 전화 오고 외지인 발길 잦아,0
2307, 균등배정이 기름 부었다 SK바사 공모 64조 신기록,0
2308, 대한건축사협회 고교대학생 21명 선발 장학금 지급,0
2309, 삼성현대 손잡았다정부 車반도체 개발에 2000억 투입,0
2310, 현대차 올해 수소전기차 판매 35.5%↑,1
2311, 현대차 노사 아이오닉5 생산라인 투입 인원수 합의,0
2312, 동맹 네이버쇼핑 vs 신사업 쿠팡이커머스 2강 2색 전략 승자는,0
2313, 일매출만 100억 낸 더현대 서울백화점업계 판도 바꾸나,0
